License Number,County,Type of Child Care,City,State,Age Range,Capacity,Count
27390,Sussex,Licensed Family Child Care,GEORGETOWN,DE,6 months through 12 years.,9,1
27399,New Castle,Licensed Child Care Center,WILMINGTON,DE,6 weeks through 5 years.,99,1
27407,Kent,Licensed Child Care Center,DOVER,DE,1 year through 12 years.,59,1
27410,New Castle,Licensed Family Child Care,WILMINGTON,DE,6 weeks through 12 years.,9,1
27411,New Castle,Licensed Family Child Care,WILMINGTON,DE,6 weeks through 12 years.,9,1
27415,New Castle,Licensed Family Child Care,NEW CASTLE,DE,1 year through 9 years.,9,1
27434,NEW CASTLE,Licensed Child Care Center,WILMINGTON,DE,5 years through 12 years.,55,1
27450,NEW CASTLE,Licensed Family Child Care,WILMINGTON,DE,3 months through 10 years.,9,1
27454,NEW CASTLE,Licensed Family Child Care,MIDDLETOWN,DE,6 weeks through 13 years.,9,1
27473,Sussex,Licensed Family Child Care,MILTON,DE,6 weeks through 12 years.,9,1
27490,New Castle,Licensed Family Child Care,BEAR,DE,3 months through 12 years.,9,1
27501,Sussex,Licensed Family Child Care,MILLSBORO,DE,6 weeks through 12 years.,9,1
27514,New Castle,Licensed Child Care Center,BEAR,DE,3 months through 15 years.,115,1
27519,Kent,Licensed Family Child Care,DOVER,DE,1 year through 12 years.,9,1
27523,New Castle,Licensed Child Care Center,WILMINGTON,DE,1 year through 12 years.,51,1
27556,New Castle,Licensed Family Child Care,NEWARK,DE,6 weeks through 12 years.,9,1
27563,New Castle,Licensed Child Care Center,WILMINGTON,DE,6 weeks through 5 years.,73,1
27579,New Castle,Licensed Child Care Center,HOCKESSIN,DE,3 months through Kindergarten.,155,1
27580,New Castle,Licensed Child Care Center,WILMINGTON,DE,6 weeks through 12 years.,97,1
27615,New Castle,Licensed Family Child Care,WILMINGTON,DE,6 weeks through 12 years.,9,1
27670,NEW CASTLE,Licensed Child Care Center,WILMINGTON,DE,2 years through 5 years.,50,1
27713,New Castle,Licensed Family Child Care,NEWARK,DE,6 weeks through 10 years.,6,1
27722,New Castle,Licensed Child Care Center,WILMINGTON,DE,3 years through 5 years.,169,1
27726,New Castle,Licensed Child Care Center,HOCKESSIN,DE,6 weeks through 12 years.,123,1
27731,SUSSEX,Licensed Family Child Care,BETHEL,DE,6 weeks through 12 years.,9,1
27741,New Castle,Licensed Child Care Center,WILMINGTON,DE,6 weeks through 12 years.,85,1
27755,New Castle,Licensed Child Care Center,BEAR,DE,3 years through 5 years.,76,1
27767,New Castle,Licensed Child Care Center,NEWARK,DE,6 weeks through 12 years.,113,1
27797,Kent,Licensed Family Child Care,CAMDEN WYOMING,DE,6 weeks through 12 years.,9,1
27813,New Castle,Licensed Family Child Care,WILMINGTON,DE,6 weeks through 12 years.,9,1
27825,Kent,Licensed Family Child Care,MILFORD,DE,6 weeks through 6 years.,6,1
27883,New Castle,Licensed Child Care Center,WILMINGTON,DE,6 weeks through 5 years.,120,1
27889,New Castle,Licensed Child Care Center,WILMINGTON,DE,8 weeks through 12 years.,212,1
27906,New Castle,Licensed Child Care Center,WILMINGTON,DE,6 weeks through 12 years.,68,1
27913,New Castle,Licensed Family Child Care,WILMINGTON,DE,6 weeks through 12 years.,9,1
27922,New Castle,Licensed Family Child Care,NEWARK,DE,6 weeks through 12 years.,9,1
27923,Sussex,Licensed Family Child Care,FRANKFORD,DE,6 weeks through 8 years.,9,1
27929,Sussex,Licensed Family Child Care,FRANKFORD,DE,6 weeks through 3 years.,9,1
27945,Sussex,Licensed Child Care Center,MILLSBORO,DE,2 years through 10 years.,70,1
27960,Kent,Licensed Child Care Center,HARTLY,DE,6 weeks through 12 years.,98,1
28035,New Castle,Licensed Child Care Center,NEW CASTLE,DE,6 weeks through 12 years.,90,1
28036,Kent,Licensed Family Child Care,FELTON,DE,6 weeks through 12 years.,9,1
28054,Sussex,Licensed Family Child Care,GEORGETOWN,DE,1 year through 12 years.,9,1
28077,Kent,Licensed Child Care Center,DOVER,DE,2 years through 5 years.,132,1
28107,Sussex,Licensed Family Child Care,LINCOLN,DE,6 weeks through 12 years.,9,1
28117,New Castle,Licensed Family Child Care,NEW CASTLE,DE,6 weeks through 5 years.,9,1
28132,New Castle,Licensed Child Care Center,WILMINGTON,DE,6 weeks through 12 years.,186,1
28134,KENT,Licensed Child Care Center,DOVER,DE,1 year through 12 years.,126,1
28151,NEW CASTLE,Licensed Child Care Center,WILMINGTON,DE,3 years through 10 years.,99,1
28154,New Castle,Licensed Family Child Care,NEWARK,DE,6 weeks through 12 years.,9,1
28159,New Castle,Licensed Family Child Care,WILMINGTON,DE,1 year through 12 years.,9,1
28165,New Castle,Licensed Family Child Care,BEAR,DE,6 weeks through 6 years.,9,1
28170,Sussex,Licensed Family Child Care,SEAFORD,DE,6 weeks through 12 years.,9,1
28186,New Castle,Licensed Family Child Care,NEWARK,DE,6 weeks through 12 years.,9,1
28202,Sussex,Licensed Family Child Care,SEAFORD,DE,6 weeks through 12 years.,9,1
28217,New Castle,Licensed Child Care Center,WILMINGTON,DE,6 weeks through 12 years.,60,1
28242,KENT,Licensed Child Care Center,DOVER,DE,8 weeks through 5 years.,78,1
28250,New Castle,Licensed Family Child Care,BEAR,DE,6 weeks through 10 years.,9,1
28254,Sussex,Licensed Family Child Care,SEAFORD,DE,1 year through 12 years.,9,1
28291,Kent,Licensed Family Child Care,CAMDEN WYOMING,DE,6 weeks through 12 years.,9,1
28294,Sussex,Licensed Family Child Care,SEAFORD,DE,6 weeks through 12 years.,9,1
28295,New Castle,Licensed Child Care Center,WILMINGTON,DE,8 weeks through Kindergarten.,259,1
28298,Sussex,Licensed Family Child Care,SEAFORD,DE,6 weeks through 13 years.,9,1
28314,New Castle,Licensed Family Child Care,WILMINGTON,DE,6 weeks through 12 years.,9,1
28334,New Castle,Licensed Family Child Care,NEWARK,DE,3 months through 6 years.,9,1
28339,KENT,Licensed Family Child Care,FREDERICA,DE,1 year through 5 years.,9,1
28352,New Castle,Licensed Family Child Care,MIDDLETOWN,DE,6 weeks through 12 years.,9,1
28355,New Castle,Licensed Family Child Care,NEWARK,DE,6 weeks through 12 years.,9,1
28358,New Castle,Licensed Family Child Care,NEW CASTLE,DE,3 months through 12 years.,9,1
28361,New Castle,Licensed Child Care Center,NEWARK,DE,6 weeks through 5 years.,248,1
28362,New Castle,Licensed Family Child Care,WILMINGTON,DE,6 weeks through 12 years.,9,1
28380,New Castle,Licensed Child Care Center,NEWARK,DE,6 weeks through 9 years.,254,1
28396,New Castle,Licensed Child Care Center,HOCKESSIN,DE,18 months through 5 years.,205,1
28398,Sussex,Licensed Family Child Care,SEAFORD,DE,1 year through 12 years.,9,1
28445,New Castle,Licensed Child Care Center,NEWARK,DE,6 weeks through 12 years.,170,1
28465,New Castle,Licensed Family Child Care,NEWARK,DE,2 years through 12 years.,9,1
28470,Kent,Licensed Family Child Care,CAMDEN WYOMING,DE,6 weeks through 12 years.,9,1
28473,New Castle,Licensed Child Care Center,WILMINGTON,DE,6 weeks through 5 years.,42,1
28501,New Castle,Licensed Child Care Center,WILMINGTON,DE,1 year through 5 years.,121,1
28517,New Castle,Licensed Family Child Care,WILMINGTON,DE,6 weeks through Kindergarten.,9,1
28549,SUSSEX,Licensed Family Child Care,BLADES,DE,6 weeks through 12 years.,9,1
28556,Sussex,Licensed Family Child Care,LEWES,DE,6 weeks through 12 years.,6,1
28562,Kent,Licensed Family Child Care,FELTON,DE,6 weeks through 12 years.,9,1
28575,New Castle,Licensed Family Child Care,WILMINGTON,DE,6 weeks through 12 years.,9,1
28599,New Castle,Licensed Family Child Care,NEW CASTLE,DE,6 weeks through 12 years.,9,1
28670,New Castle,Licensed Child Care Center,WILMINGTON,DE,1 year through 14 years.,332,1
28676,New Castle,Licensed Family Child Care,CLAYMONT,DE,6 weeks through 12 years.,9,1
28677,Sussex,Licensed Family Child Care,LAUREL,DE,2 years through 12 years.,9,1
28748,NEW CASTLE,Licensed Child Care Center,WILMINGTON,DE,1 year through 12 years.,122,1
28751,New Castle,Licensed Family Child Care,WILMINGTON,DE,3 months through 12 years.,9,1
28758,New Castle,Licensed Family Child Care,WILMINGTON,DE,6 weeks through 5 years.,9,1
28765,Sussex,Licensed Family Child Care,SELBYVILLE,DE,1 year through 12 years.,9,1
28804,New Castle,Licensed Family Child Care,NEWARK,DE,3 months through 5 years.,9,1
28809,New Castle,Licensed Family Child Care,CLAYMONT,DE,6 weeks through 12 years.,9,1
28886,New Castle,Licensed Family Child Care,NEWARK,DE,6 weeks through 12 years.,6,1
28902,Kent,Licensed Family Child Care,MAGNOLIA,DE,6 weeks through 12 years.,9,1
28903,New Castle,Licensed Child Care Center,NEW CASTLE,DE,6 weeks through 12 years.,162,1
28907,New Castle,Licensed Family Child Care,NEWARK,DE,6 weeks through 5 years.,9,1
28991,New Castle,Licensed Child Care Center,NEWARK,DE,6 years through 17 years.,77,1
29013,New Castle,Licensed Child Care Center,WILMINGTON,DE,6 weeks through 12 years.,128,1
29017,New Castle,Licensed Child Care Center,NEWARK,DE,6 years through 17 years.,60,1
29019,New Castle,Licensed Child Care Center,WILMINGTON,DE,2 years through 5 years.,136,1
29045,New Castle,Licensed Family Child Care,NEW CASTLE,DE,6 months through 4 years.,6,1
29078,NEW CASTLE,Licensed Child Care Center,WILMINGTON,DE,6 weeks through 12 years.,200,1
29079,Sussex,Licensed Child Care Center,FRANKFORD,DE,6 weeks through 5 years.,41,1
29088,Sussex,Licensed Family Child Care,HARBESON,DE,6 weeks through 12 years.,9,1
29101,New Castle,Licensed Family Child Care,NEW CASTLE,DE,1 year through 12 years.,9,1
29121,New Castle,Licensed Family Child Care,BEAR,DE,6 weeks through 12 years.,9,1
29123,New Castle,Licensed Family Child Care,WILMINGTON,DE,6 weeks through 12 years.,9,1
29137,New Castle,Licensed Family Child Care,WILMINGTON,DE,6 weeks through 12 years.,9,1
29142,New Castle,Licensed Family Child Care,NEWARK,DE,6 weeks through 14 years.,9,1
29147,New Castle,Licensed Family Child Care,NEWARK,DE,6 weeks through 12 years.,9,1
29149,New Castle,Licensed Family Child Care,BEAR,DE,6 weeks through 6 years.,9,1
29163,New Castle,Licensed Family Child Care,WILMINGTON,DE,6 weeks through 12 years.,9,1
29173,Sussex,Licensed Family Child Care,DAGSBORO,DE,2 years through 12 years.,9,1
29239,New Castle,Licensed Child Care Center,WILMINGTON,DE,6 weeks through 12 years.,185,1
29245,New Castle,Licensed Child Care Center,WILMINGTON,DE,6 weeks through 5 years.,132,1
29249,New Castle,Licensed Family Child Care,WILMINGTON,DE,6 weeks through 12 years.,9,1
29255,Kent,Licensed Family Child Care,SMYRNA,DE,6 weeks through 6 years.,9,1
29260,New Castle,Licensed Child Care Center,NEW CASTLE,DE,2 years through 8 years.,101,1
29265,New Castle,Licensed Large Family Child Care,WILMINGTON,DE,8 weeks through 5 years.,12,1
29276,New Castle,Licensed Family Child Care,BEAR,DE,2 years through 12 years.,9,1
29295,NEW CASTLE,Licensed Child Care Center,NEWARK,DE,6 weeks through 12 years.,171,1
29327,New Castle,Licensed Family Child Care,SMYRNA,DE,6 weeks through 12 years.,9,1
29423,NEW CASTLE,Licensed Child Care Center,WILMINGTON,DE,3 years through 5 years.,182,1
29427,New Castle,Licensed Large Family Child Care,NEWARK,DE,6 weeks through 12 years.,12,1
29443,New Castle,Licensed Family Child Care,NEWARK,DE,6 weeks through 12 years.,9,1
29481,New Castle,Licensed Family Child Care,BEAR,DE,6 weeks through 12 years.,9,1
29488,Kent,Licensed Family Child Care,CLAYTON,DE,6 weeks through 10 years.,9,1
29495,NEW CASTLE,Licensed Child Care Center,WILMINGTON,DE,6 weeks through 5 years.,297,1
29506,KENT,Licensed Child Care Center,DOVER,DE,Kindergarten through 12 years.,24,1
29526,New Castle,Licensed Family Child Care,WILMINGTON,DE,6 weeks through 3 years.,9,1
29546,New Castle,Licensed Child Care Center,NEWARK,DE,6 weeks through 14 years.,247,1
29550,New Castle,Licensed Child Care Center,WILMINGTON,DE,6 weeks through 12 years.,75,1
29551,New Castle,Licensed Family Child Care,MIDDLETOWN,DE,6 weeks through 12 years.,9,1
29559,Kent,Licensed Child Care Center,MILFORD,DE,6 weeks through 12 years.,190,1
29599,New Castle,Licensed Family Child Care,WILMINGTON,DE,6 weeks through 3 years.,9,1
29622,New Castle,Licensed Child Care Center,WILMINGTON,DE,1 year through 5 years.,73,1
29647,New Castle,Licensed Child Care Center,NEWARK,DE,18 months through 12 years.,89,1
29662,New Castle,Licensed Family Child Care,NEW CASTLE,DE,6 weeks through 12 years.,9,1
29669,New Castle,Licensed Child Care Center,WILMINGTON,DE,6 weeks through 12 years.,182,1
29681,KENT,Licensed Family Child Care,GREENWOOD,DE,6 weeks through 12 years.,9,1
29684,New Castle,Licensed Family Child Care,WILMINGTON,DE,6 weeks through 12 years.,9,1
29709,SUSSEX,Licensed Large Family Child Care,LINCOLN,DE,1 year through 12 years.,12,1
29715,Sussex,Licensed Family Child Care,BRIDGEVILLE,DE,6 weeks through 12 years.,9,1
29734,New Castle,Licensed Child Care Center,NEWARK,DE,6 weeks through 12 years.,105,1
29775,Kent,Licensed Family Child Care,SMYRNA,DE,6 weeks through 12 years.,9,1
29785,New Castle,Licensed Family Child Care,NEWARK,DE,6 weeks through 12 years.,9,1
29786,Sussex,Licensed Large Family Child Care,FRANKFORD,DE,6 weeks through 12 years.,12,1
29816,Sussex,Licensed Child Care Center,SEAFORD,DE,2 years through 12 years.,137,1
30950,New Castle,Licensed Child Care Center,WILMINGTON,DE,2 years through 5 years.,53,1
31213,Kent,Licensed Family Child Care,MILFORD,DE,6 weeks through 12 years.,9,1
31688,New Castle,Licensed Child Care Center,CLAYMONT,DE,3 years through 5 years.,120,1
32673,New Castle,Licensed Family Child Care,NEW CASTLE,DE,Kindergarten through 15 years.,9,1
33597,Sussex,Licensed Family Child Care,GEORGETOWN,DE,6 weeks through 12 years.,9,1
33723,Sussex,Licensed Family Child Care,SEAFORD,DE,2 years through 10 years.,9,1
33809,New Castle,Licensed Family Child Care,MIDDLETOWN,DE,6 weeks through 12 years.,9,1
33903,New Castle,Licensed Family Child Care,WILMINGTON,DE,6 weeks through 12 years.,9,1
34307,Kent,Licensed Family Child Care,HARTLY,DE,1 year through 12 years.,9,1
39980,New Castle,Licensed Family Child Care,SMYRNA,DE,1 year through 12 years.,9,1
41386,Kent,Licensed Family Child Care,DOVER,DE,6 weeks through 12 years.,9,1
41858,New Castle,Licensed Family Child Care,WILMINGTON,DE,6 weeks through 12 years.,9,1
41861,New Castle,Licensed Family Child Care,BEAR,DE,6 weeks through 5 years.,9,1
43051,Sussex,Licensed Family Child Care,SEAFORD,DE,6 weeks through 12 years.,9,1
43374,Kent,Licensed Family Child Care,MAGNOLIA,DE,6 weeks through 12 years.,9,1
43406,New Castle,Licensed Family Child Care,WILMINGTON,DE,6 weeks through 14 years.,9,1
43717,New Castle,Licensed Family Child Care,NEW CASTLE,DE,6 weeks through 12 years.,9,1
43971,New Castle,Licensed Family Child Care,TOWNSEND,DE,6 weeks through 12 years.,9,1
45690,NEW CASTLE,Licensed Family Child Care,BEAR,DE,8 weeks through 8 years.,9,1
47425,New Castle,Licensed Family Child Care,HOCKESSIN,DE,6 weeks through 5 years.,9,1
47547,New Castle,Licensed Family Child Care,WILMINGTON,DE,6 weeks through 12 years.,9,1
48731,Kent,Licensed Child Care Center,DOVER,DE,6 weeks through 5 years.,200,1
52420,Sussex,Licensed Family Child Care,SEAFORD,DE,6 weeks through 12 years.,9,1
52621,Sussex,Licensed Family Child Care,GEORGETOWN,DE,6 weeks through 12 years.,9,1
54931,New Castle,Licensed Family Child Care,NEW CASTLE,DE,6 months through 12 years.,9,1
56997,Kent,Licensed Family Child Care,CAMDEN WYOMING,DE,6 weeks through 12 years.,9,1
57274,New Castle,Licensed Family Child Care,MIDDLETOWN,DE,6 weeks through 5 years.,9,1
66778,New Castle,Licensed Family Child Care,MIDDLETOWN,DE,6 weeks through 10 years.,9,1
67720,New Castle,Licensed Family Child Care,WILMINGTON,DE,6 weeks through 7 years.,9,1
68104,Kent,Licensed Family Child Care,SMYRNA,DE,3 years through 12 years.,6,1
68171,KENT,Licensed Family Child Care,DOVER,DE,6 weeks through 12 years.,9,1
68964,Sussex,Licensed Family Child Care,BRIDGEVILLE,DE,6 weeks through 12 years.,9,1
69311,Sussex,Licensed Family Child Care,SEAFORD,DE,6 weeks through 12 years.,9,1
70512,New Castle,Licensed Family Child Care,WILMINGTON,DE,3 months through 12 years.,9,1
71297,Kent,Licensed Child Care Center,DOVER,DE,6 weeks through 10 years.,75,1
71698,New Castle,Licensed Family Child Care,NEWARK,DE,1 year through 12 years.,9,1
73016,Sussex,Licensed Family Child Care,GEORGETOWN,DE,6 months through 5 years.,9,1
73018,Sussex,Licensed Family Child Care,BRIDGEVILLE,DE,6 weeks through 13 years.,9,1
73144,New Castle,Licensed Child Care Center,NEW CASTLE,DE,2 years through 5 years.,348,1
74106,New Castle,Licensed Child Care Center,NEWARK,DE,2 years through Kindergarten.,30,1
74617,KENT,Licensed Family Child Care,FELTON,DE,8 weeks through 12 years.,9,1
74715,Kent,Licensed Family Child Care,DOVER,DE,6 weeks through 12 years.,9,1
75507,New Castle,Licensed Family Child Care,WILMINGTON,DE,6 weeks through 12 years.,9,1
75942,New Castle,Licensed Family Child Care,BEAR,DE,3 months through 12 years.,9,1
75964,SUSSEX,Licensed Family Child Care,LAUREL,DE,6 weeks through 12 years.,6,1
77357,New Castle,Licensed Family Child Care,BEAR,DE,6 weeks through 12 years.,9,1
80624,New Castle,Licensed Family Child Care,BEAR,DE,8 weeks through 5 years.,9,1
82226,Sussex,Licensed Family Child Care,GEORGETOWN,DE,6 weeks through 12 years.,9,1
85449,Sussex,Licensed Family Child Care,MILLSBORO,DE,6 weeks through 12 years.,9,1
85860,New Castle,Licensed Family Child Care,MIDDLETOWN,DE,3 months through 11 years.,9,1
87439,KENT,Licensed Child Care Center,DOVER,DE,6 weeks through 12 years.,142,1
87602,New Castle,Licensed Family Child Care,WILMINGTON,DE,6 weeks through 12 years.,6,1
87835,New Castle,Licensed Family Child Care,MIDDLETOWN,DE,6 weeks through 12 years.,9,1
88328,New Castle,Licensed Family Child Care,NEWARK,DE,6 weeks through 12 years.,9,1
90063,SUSSEX,Licensed Family Child Care,LAUREL,DE,6 weeks through 12 years.,6,1
90140,New Castle,Licensed Child Care Center,NEW CASTLE,DE,3 years through 5 years.,144,1
93406,SUSSEX,Licensed Child Care Center,GEORGETOWN,DE,6 weeks through 12 years.,121,1
93633,NEW CASTLE,Licensed Family Child Care,WILMINGTON,DE,1 year through 12 years.,6,1
94098,New Castle,Licensed Family Child Care,NEWARK,DE,6 weeks through 12 years.,9,1
95066,Sussex,Licensed Family Child Care,FRANKFORD,DE,2 years through 5 years.,9,1
95889,Sussex,Licensed Family Child Care,MILFORD,DE,6 weeks through 6 years.,9,1
96365,New Castle,Licensed Family Child Care,NEWARK,DE,6 weeks through 12 years.,9,1
97022,Sussex,Licensed Child Care Center,MILTON,DE,6 weeks through 12 years.,39,1
98864,New Castle,Licensed Family Child Care,WILMINGTON,DE,6 weeks through 12 years.,9,1
99183,Sussex,Licensed Family Child Care,GEORGETOWN,DE,6 months through 12 years.,6,1
100261,New Castle,Licensed Family Child Care,MIDDLETOWN,DE,6 weeks through 12 years.,9,1
100861,NEW CASTLE,Licensed Family Child Care,BEAR,DE,6 weeks through 5 years.,6,1
102131,KENT,Licensed Child Care Center,HARRINGTON,DE,2 years through 12 years.,94,1
102273,New Castle,Licensed Child Care Center,NEWARK,DE,Kindergarten through 12 years.,40,1
103368,New Castle,Licensed Family Child Care,CLAYMONT,DE,6 weeks through Kindergarten.,9,1
106432,New Castle,Licensed Family Child Care,NEW CASTLE,DE,6 weeks through 10 years.,9,1
109237,New Castle,Licensed Child Care Center,NEW CASTLE,DE,Kindergarten through 12 years.,91,1
109241,New Castle,Licensed Child Care Center,WILMINGTON,DE,5 years through 12 years.,230,1
110558,KENT,Licensed Child Care Center,MILFORD,DE,3 years through 12 years.,198,1
114519,Sussex,Licensed Family Child Care,BRIDGEVILLE,DE,3 years through 12 years.,9,1
115318,New Castle,Licensed Child Care Center,BEAR,DE,6 weeks through 12 years.,322,1
115415,New Castle,Licensed Family Child Care,WILMINGTON,DE,1 year through 5 years.,9,1
120708,Sussex,Licensed Family Child Care,MILLSBORO,DE,1 year through 12 years.,9,1
120987,Sussex,Licensed Large Family Child Care,GREENWOOD,DE,1 year through 12 years.,12,1
122328,New Castle,Licensed Child Care Center,WILMINGTON,DE,3 years through 5 years.,55,1
123948,Sussex,Licensed Child Care Center,LEWES,DE,6 weeks through 5 years.,174,1
132904,NEW CASTLE,Licensed Family Child Care,HOCKESSIN,DE,6 weeks through 14 years.,9,1
133110,Sussex,Licensed Family Child Care,MILLSBORO,DE,1 year through 5 years.,6,1
133658,Kent,Licensed Family Child Care,DOVER,DE,2 years through 12 years.,9,1
135144,Sussex,Licensed Child Care Center,MILFORD,DE,Kindergarten through 12 years.,60,1
137030,New Castle,Licensed Family Child Care,NEW CASTLE,DE,6 weeks through 12 years.,9,1
138340,New Castle,Licensed Family Child Care,WILMINGTON,DE,8 weeks through 12 years.,9,1
141385,New Castle,Licensed Family Child Care,NEW CASTLE,DE,6 weeks through 12 years.,9,1
142285,KENT,Licensed Child Care Center,MILFORD,DE,6 weeks through 12 years.,30,1
144646,Sussex,Licensed Family Child Care,BRIDGEVILLE,DE,6 weeks through 12 years.,9,1
145918,Kent,Licensed Family Child Care,HARTLY,DE,8 weeks through 12 years.,9,1
145971,New Castle,Licensed Family Child Care,NEWARK,DE,6 weeks through 12 years.,9,1
146246,SUSSEX,Licensed Family Child Care,BRIDGEVILLE,DE,1 year through 12 years.,9,1
148025,Kent,Licensed Child Care Center,DOVER,DE,5 years through 12 years.,60,1
148026,KENT,Licensed Child Care Center,DOVER,DE,Kindergarten through 12 years.,40,1
148524,New Castle,Licensed Family Child Care,BEAR,DE,6 weeks through 10 years.,9,1
150151,Sussex,Licensed Family Child Care,GEORGETOWN,DE,6 months through 12 years.,9,1
150368,Sussex,Licensed Family Child Care,SEAFORD,DE,6 weeks through 12 years.,9,1
160477,New Castle,Licensed Child Care Center,WILMINGTON,DE,1 year through 6 years.,94,1
162152,Sussex,Licensed Family Child Care,MILLSBORO,DE,2 years through 13 years.,9,1
162339,New Castle,Licensed Family Child Care,WILMINGTON,DE,6 weeks through 12 years.,9,1
164137,New Castle,Licensed Family Child Care,BEAR,DE,8 weeks through 12 years.,9,1
174339,Kent,Licensed Family Child Care,DOVER,DE,6 months through 11 years.,6,1
175457,New Castle,Licensed Family Child Care,BEAR,DE,3 months through 12 years.,9,1
177414,New Castle,Licensed Family Child Care,NEWARK,DE,6 weeks through 10 years.,9,1
183981,New Castle,Licensed Child Care Center,HOCKESSIN,DE,6 weeks through 5 years.,117,1
185628,New Castle,Licensed Family Child Care,NEW CASTLE,DE,6 weeks through 12 years.,9,1
187264,New Castle,Licensed Family Child Care,BEAR,DE,6 weeks through 12 years.,9,1
187727,Kent,Licensed Family Child Care,DOVER,DE,6 weeks through 5 years.,9,1
189668,Sussex,Licensed Child Care Center,GEORGETOWN,DE,1 year through 5 years.,30,1
190036,Sussex,Licensed Family Child Care,BLADES,DE,6 weeks through 12 years.,9,1
190334,Sussex,Licensed Family Child Care,LAUREL,DE,2 years through 12 years.,6,1
191383,New Castle,Licensed Child Care Center,WILMINGTON,DE,2 years through 5 years.,95,1
191517,New Castle,Licensed Family Child Care,NEW CASTLE,DE,6 weeks through 12 years.,9,1
192931,New Castle,Licensed Child Care Center,NEWARK,DE,5 years through 12 years.,72,1
192932,New Castle,Licensed Child Care Center,NEWARK,DE,Kindergarten through 12 years.,67,1
192933,New Castle,Licensed Child Care Center,NEWARK,DE,Kindergarten through 12 years.,66,1
194092,Sussex,Licensed Family Child Care,GEORGETOWN,DE,3 months through 10 years.,9,1
196808,NEW CASTLE,Licensed Family Child Care,MIDDLETOWN,DE,6 weeks through 12 years.,6,1
197034,Sussex,Licensed Family Child Care,SEAFORD,DE,2 years through 12 years.,9,1
197565,New Castle,Licensed Child Care Center,NEWARK,DE,3 years through 5 years.,70,1
198920,New Castle,Licensed Family Child Care,MIDDLETOWN,DE,6 weeks through 6 years.,9,1
199637,Sussex,Licensed Large Family Child Care,MILFORD,DE,6 weeks through 12 years.,12,1
199741,New Castle,Licensed Family Child Care,WILMINGTON,DE,6 weeks through 12 years.,9,1
199932,New Castle,Licensed Family Child Care,WILMINGTON,DE,6 weeks through 10 years.,9,1
201263,Kent,Licensed Family Child Care,FELTON,DE,6 weeks through 12 years.,9,1
201490,New Castle,Licensed Family Child Care,BEAR,DE,6 weeks through 12 years.,9,1
201922,Sussex,Licensed Child Care Center,SEAFORD,DE,2 years through 3 years.,60,1
204322,Kent,Licensed Family Child Care,DOVER,DE,6 weeks through 12 years.,9,1
204865,Sussex,Licensed Family Child Care,GREENWOOD,DE,6 weeks through 12 years.,9,1
208366,New Castle,Licensed Family Child Care,BEAR,DE,6 weeks through 12 years.,9,1
210271,New Castle,Licensed Family Child Care,NEWARK,DE,6 weeks through Kindergarten.,9,1
211442,KENT,Licensed Child Care Center,HARRINGTON,DE,1 year through 12 years.,95,1
219438,Sussex,Licensed Family Child Care,GEORGETOWN,DE,6 weeks through 12 years.,9,1
220871,Sussex,Licensed Family Child Care,SEAFORD,DE,1 year through 4 years.,9,1
224451,New Castle,Licensed Family Child Care,WILMINGTON,DE,6 weeks through 8 years.,9,1
226779,Sussex,Licensed Large Family Child Care,SEAFORD,DE,2 years through 12 years.,12,1
229130,Sussex,Licensed Family Child Care,LAUREL,DE,6 weeks through 12 years.,9,1
230830,Sussex,Licensed Family Child Care,SEAFORD,DE,6 weeks through 12 years.,9,1
230880,NEW CASTLE,Licensed Family Child Care,WILMINGTON,DE,6 weeks through 12 years.,9,1
236863,Kent,Licensed Family Child Care,DOVER,DE,6 months through 12 years.,9,1
241231,Kent,Licensed Family Child Care,MAGNOLIA,DE,3 months through 12 years.,9,1
242142,SUSSEX,Licensed Child Care Center,GEORGETOWN,DE,6 weeks through 12 years.,68,1
243607,NEW CASTLE,Licensed Child Care Center,WILMINGTON,DE,1 year through 5 years.,83,1
243856,Sussex,Licensed Family Child Care,LAUREL,DE,6 months through 4 years.,9,1
248247,New Castle,Licensed Family Child Care,WILMINGTON,DE,6 weeks through 12 years.,9,1
248499,New Castle,Licensed Family Child Care,NEWARK,DE,6 weeks through 12 years.,9,1
248737,New Castle,Licensed Family Child Care,NEWARK,DE,1 year through 12 years.,9,1
250487,New Castle,Licensed Child Care Center,WILMINGTON,DE,3 years through 5 years.,129,1
250535,New Castle,Licensed Child Care Center,WILMINGTON,DE,6 months through 12 years.,250,1
251205,New Castle,Licensed Family Child Care,WILMINGTON,DE,6 weeks through 12 years.,9,1
254719,New Castle,Licensed Family Child Care,TOWNSEND,DE,6 weeks through 12 years.,9,1
256702,Sussex,Licensed Family Child Care,SEAFORD,DE,6 weeks through 12 years.,9,1
257097,New Castle,Licensed Child Care Center,WILMINGTON,DE,2 years through 12 years.,291,1
278255,New Castle,Licensed Child Care Center,WILMINGTON,DE,3 months through 5 years.,55,1
279245,Kent,Licensed Family Child Care,SMYRNA,DE,6 weeks through 12 years.,9,1
279340,New Castle,Licensed Family Child Care,WILMINGTON,DE,6 weeks through 12 years.,9,1
279652,New Castle,Licensed Family Child Care,NEW CASTLE,DE,6 weeks through 12 years.,9,1
281260,New Castle,Licensed Child Care Center,WILMINGTON,DE,6 weeks through 12 years.,103,1
281634,Sussex,Licensed Family Child Care,SEAFORD,DE,6 weeks through 12 years.,6,1
282304,New Castle,Licensed Family Child Care,NEWARK,DE,3 months through 4 years.,9,1
289531,Sussex,Licensed Family Child Care,GEORGETOWN,DE,6 weeks through 12 years.,6,1
296897,Kent,Licensed Child Care Center,DOVER,DE,6 weeks through 5 years.,99,1
298111,KENT,Licensed Family Child Care,DOVER,DE,6 weeks through 12 years.,9,1
299234,Kent,Licensed Large Family Child Care,DOVER,DE,6 weeks through Kindergarten.,12,1
303866,New Castle,Licensed Child Care Center,WILMINGTON,DE,6 weeks through 12 years.,73,1
306210,Sussex,Licensed Family Child Care,OCEAN VIEW,DE,1 year through 12 years.,9,1
312102,New Castle,Licensed Family Child Care,NEW CASTLE,DE,6 weeks through 12 years.,6,1
312125,New Castle,Licensed Family Child Care,CLAYMONT,DE,6 weeks through 12 years.,9,1
312578,New Castle,Licensed Family Child Care,NEW CASTLE,DE,6 weeks through 12 years.,9,1
313178,New Castle,Licensed Child Care Center,NEW CASTLE,DE,3 years through 5 years.,99,1
313880,New Castle,Licensed Child Care Center,WILMINGTON,DE,6 weeks through 12 years.,146,1
314719,Kent,Licensed Family Child Care,DOVER,DE,3 years through 12 years.,9,1
319672,New Castle,Licensed Child Care Center,CHRISTIANA,DE,Kindergarten through 12 years.,50,1
322767,New Castle,Licensed Large Family Child Care,WILMINGTON,DE,2 years through 12 years.,12,1
326843,Kent,Licensed Family Child Care,DOVER,DE,6 weeks through 12 years.,9,1
326932,New Castle,Licensed Family Child Care,NEW CASTLE,DE,6 weeks through 13 years.,9,1
329319,New Castle,Licensed Child Care Center,NEW CASTLE,DE,6 weeks through 12 years.,152,1
329892,Sussex,Licensed Family Child Care,SEAFORD,DE,6 weeks through 12 years.,9,1
329978,New Castle,Licensed Child Care Center,WILMINGTON,DE,6 weeks through 12 years.,60,1
332679,New Castle,Licensed Family Child Care,WILMINGTON,DE,1 year through 12 years.,9,1
335248,Sussex,Licensed Child Care Center,DELMAR,DE,6 weeks through 12 years.,217,1
336315,NEW CASTLE,Licensed Child Care Center,WILMINGTON,DE,6 weeks through 12 years.,54,1
339463,New Castle,Licensed Child Care Center,NEWARK,DE,6 weeks through 10 years.,60,1
340634,Sussex,Licensed Family Child Care,SEAFORD,DE,6 weeks through 12 years.,9,1
340971,Sussex,Licensed Family Child Care,GEORGETOWN,DE,6 weeks through 10 years.,9,1
344608,New Castle,Licensed Child Care Center,NEWARK,DE,6 weeks through 12 years.,238,1
345684,Sussex,Licensed Family Child Care,BRIDGEVILLE,DE,6 weeks through 12 years.,6,1
347060,Sussex,Licensed Family Child Care,SEAFORD,DE,6 weeks through 12 years.,9,1
347298,New Castle,Licensed Family Child Care,WILMINGTON,DE,6 weeks through 12 years.,9,1
348643,Kent,Licensed Family Child Care,DOVER,DE,6 weeks through 14 years.,9,1
355576,New Castle,Licensed Child Care Center,NEWARK,DE,Kindergarten through 12 years.,104,1
356240,New Castle,Licensed Child Care Center,WILMINGTON,DE,Kindergarten through 12 years.,43,1
356241,New Castle,Licensed Child Care Center,WILMINGTON,DE,Kindergarten through 12 years.,36,1
357549,Kent,Licensed Family Child Care,DOVER,DE,6 weeks through 12 years.,9,1
360032,Sussex,Licensed Family Child Care,BRIDGEVILLE,DE,6 months through 10 years.,9,1
362208,New Castle,Licensed Child Care Center,WILMINGTON,DE,Kindergarten through 12 years.,70,1
362936,New Castle,Licensed Family Child Care,WILMINGTON,DE,6 months through 12 years.,9,1
363256,New Castle,Licensed Family Child Care,WILMINGTON,DE,6 weeks through 5 years.,6,1
366231,New Castle,Licensed Child Care Center,WILMINGTON,DE,6 weeks through 12 years.,91,1
366903,NEW CASTLE,Licensed Child Care Center,NEWARK,DE,6 weeks through 11 years.,109,1
366984,New Castle,Licensed Family Child Care,NEWARK,DE,6 weeks through 12 years.,9,1
369102,Kent,Licensed Family Child Care,DOVER,DE,6 weeks through 12 years.,9,1
372915,New Castle,Licensed Child Care Center,WILMINGTON,DE,3 years through 12 years.,50,1
373304,New Castle,Licensed Child Care Center,WILMINGTON,DE,6 weeks through 12 years.,60,1
373472,NEW CASTLE,Licensed Family Child Care,NEW CASTLE,DE,6 weeks through 13 years.,6,1
374257,Kent,Licensed Family Child Care,DOVER,DE,6 weeks through 13 years.,9,1
374926,New Castle,Licensed Family Child Care,WILMINGTON,DE,6 weeks through 12 years.,9,1
375174,Kent,Licensed Family Child Care,FREDERICA,DE,6 weeks through 12 years.,9,1
376755,New Castle,Licensed Family Child Care,NEW CASTLE,DE,3 months through 12 years.,9,1
377503,Sussex,Licensed Family Child Care,SEAFORD,DE,6 weeks through 13 years.,9,1
377831,NEW CASTLE,Licensed Family Child Care,BEAR,DE,1 year through 12 years.,6,1
377904,New Castle,Licensed Family Child Care,WILMINGTON,DE,6 weeks through 12 years.,9,1
378440,New Castle,Licensed Child Care Center,HOCKESSIN,DE,6 weeks through 12 years.,180,1
378652,Kent,Licensed Family Child Care,MAGNOLIA,DE,1 year through 13 years.,9,1
381264,New Castle,Licensed Family Child Care,NEWARK,DE,6 weeks through 5 years.,9,1
381418,New Castle,Licensed Child Care Center,WILMINGTON,DE,6 weeks through 5 years.,60,1
382889,NEW CASTLE,Licensed Family Child Care,NEWARK,DE,6 weeks through 12 years.,9,1
388754,SUSSEX,Licensed Child Care Center,FRANKFORD,DE,6 weeks through 5 years.,115,1
392469,New Castle,Licensed Family Child Care,CLAYMONT,DE,6 weeks through 5 years.,9,1
393541,Sussex,Licensed Family Child Care,SEAFORD,DE,2 years through 13 years.,9,1
396672,New Castle,Licensed Child Care Center,NEWARK,DE,1 year through 12 years.,84,1
398435,NEW CASTLE,Licensed Child Care Center,WILMINGTON,DE,6 weeks through 12 years.,60,1
399918,Kent,Licensed Child Care Center,SMYRNA,DE,6 weeks through 12 years.,60,1
400440,New Castle,Licensed Large Family Child Care,BEAR,DE,6 weeks through 5 years.,12,1
402024,New Castle,Licensed Family Child Care,TOWNSEND,DE,6 weeks through 12 years.,9,1
402929,New Castle,Licensed Family Child Care,BEAR,DE,6 months through 10 years.,9,1
403525,Kent,Licensed Family Child Care,MAGNOLIA,DE,6 weeks through 12 years.,9,1
404481,New Castle,Licensed Child Care Center,WILMINGTON,DE,6 weeks through 12 years.,74,1
405956,Sussex,Licensed Child Care Center,ELLENDALE,DE,1 year through 12 years.,23,1
408797,New Castle,Licensed Child Care Center,WILMINGTON,DE,1 year through 5 years.,46,1
410627,Sussex,Licensed Family Child Care,MILTON,DE,6 weeks through 12 years.,6,1
414164,New Castle,Licensed Family Child Care,NEW CASTLE,DE,6 weeks through 12 years.,6,1
420550,New Castle,Licensed Family Child Care,MIDDLETOWN,DE,6 weeks through 12 years.,9,1
421520,Kent,Licensed Child Care Center,HARRINGTON,DE,8 weeks through 12 years.,78,1
424137,New Castle,Licensed Family Child Care,NEWARK,DE,3 months through 10 years.,9,1
424246,New Castle,Licensed Family Child Care,SMYRNA,DE,6 weeks through 12 years.,9,1
426089,NEW CASTLE,Licensed Family Child Care,MIDDLETOWN,DE,6 weeks through 12 years.,6,1
426780,New Castle,Licensed Family Child Care,MIDDLETOWN,DE,6 weeks through 12 years.,9,1
427358,New Castle,Licensed Family Child Care,WILMINGTON,DE,6 weeks through 12 years.,9,1
427752,Sussex,Licensed Family Child Care,SEAFORD,DE,6 weeks through 12 years.,9,1
428845,New Castle,Licensed Child Care Center,WILMINGTON,DE,6 weeks through 12 years.,49,1
429546,Sussex,Licensed Family Child Care,BRIDGEVILLE,DE,6 weeks through 12 years.,9,1
429567,New Castle,Licensed Family Child Care,NEWARK,DE,6 weeks through 12 years.,9,1
431626,New Castle,Licensed Family Child Care,NEW CASTLE,DE,1 year through 12 years.,9,1
432493,New Castle,Licensed Child Care Center,NEWARK,DE,Kindergarten through 12 years.,50,1
432500,New Castle,Licensed Child Care Center,NEW CASTLE,DE,Kindergarten through 12 years.,80,1
433556,New Castle,Licensed Child Care Center,WILMINGTON,DE,5 years through 13 years.,585,1
433741,Sussex,Licensed Child Care Center,ELLENDALE,DE,6 weeks through 12 years.,60,1
434311,NEW CASTLE,Licensed Child Care Center,WILMINGTON,DE,18 months through 5 years.,60,1
435015,New Castle,Licensed Family Child Care,NEWARK,DE,6 weeks through 12 years.,9,1
436034,Sussex,Licensed Child Care Center,OCEAN VIEW,DE,6 weeks through 12 years.,51,1
436919,New Castle,Licensed Family Child Care,NEWARK,DE,6 weeks through 4 years.,9,1
442008,New Castle,Licensed Family Child Care,NEWARK,DE,6 weeks through 12 years.,9,1
445245,New Castle,Licensed Large Family Child Care,TOWNSEND,DE,3 months through 12 years.,12,1
448495,New Castle,Licensed Family Child Care,WILMINGTON,DE,6 weeks through 5 years.,9,1
450786,KENT,Licensed Family Child Care,HARRINGTON,DE,6 weeks through 12 years.,9,1
451847,New Castle,Licensed Family Child Care,BEAR,DE,2 years through 12 years.,9,1
453294,New Castle,Licensed Child Care Center,WILMINGTON,DE,6 weeks through 12 years.,220,1
454625,New Castle,Licensed Large Family Child Care,NEW CASTLE,DE,6 weeks through 12 years.,12,1
454964,Sussex,Licensed Family Child Care,MILTON,DE,6 weeks through 12 years.,9,1
459354,New Castle,Licensed Family Child Care,NEW CASTLE,DE,3 years through 12 years.,9,1
461433,New Castle,Licensed Family Child Care,NEW CASTLE,DE,6 weeks through 12 years.,9,1
464097,Kent,Licensed Family Child Care,CAMDEN WYOMING,DE,6 weeks through 6 years.,9,1
466715,Kent,Licensed Family Child Care,FELTON,DE,6 weeks through 12 years.,9,1
472569,Sussex,Licensed Family Child Care,DELMAR,DE,6 weeks through 12 years.,9,1
477287,New Castle,Licensed Family Child Care,BEAR,DE,6 weeks through 5 years.,9,1
477649,New Castle,Licensed Large Family Child Care,BEAR,DE,6 weeks through 12 years.,12,1
478167,New Castle,Licensed Child Care Center,BEAR,DE,6 weeks through 12 years.,71,1
478499,Kent,Licensed Family Child Care,DOVER,DE,6 weeks through 12 years.,9,1
478909,New Castle,Licensed Family Child Care,NEWARK,DE,6 weeks through 12 years.,9,1
479514,New Castle,Licensed Child Care Center,MIDDLETOWN,DE,6 weeks through 12 years.,132,1
481025,New Castle,Licensed Family Child Care,TOWNSEND,DE,6 weeks through 12 years.,9,1
487517,NEW CASTLE,Licensed Child Care Center,WILMINGTON,DE,1 year through 5 years.,61,1
487552,New Castle,Licensed Family Child Care,NEW CASTLE,DE,6 weeks through 12 years.,9,1
487722,New Castle,Licensed Child Care Center,HOCKESSIN,DE,2 years through 5 years.,160,1
489521,Sussex,Licensed Family Child Care,MILLSBORO,DE,6 weeks through 12 years.,9,1
489654,New Castle,Licensed Child Care Center,NEWARK,DE,2 years through 5 years.,165,1
489694,New Castle,Licensed Family Child Care,WILMINGTON,DE,6 weeks through 13 years.,9,1
490816,New Castle,Licensed Child Care Center,WILMINGTON,DE,2 years through Kindergarten.,67,1
491838,Kent,Licensed Child Care Center,DOVER,DE,6 weeks through 5 years.,97,1
491839,Sussex,Licensed Child Care Center,MILLSBORO,DE,6 weeks through 12 years.,132,1
493615,Kent,Licensed Family Child Care,FELTON,DE,6 months through 12 years.,9,1
494230,Sussex,Licensed Child Care Center,REHOBOTH BEACH,DE,2 years through 4 years.,59,1
495256,Sussex,Licensed Child Care Center,LEWES,DE,2 years through 5 years.,131,1
495819,Kent,Licensed Child Care Center,MILFORD,DE,3 years through 5 years.,80,1
496587,New Castle,Licensed Family Child Care,NEW CASTLE,DE,6 weeks through Kindergarten.,9,1
498512,New Castle,Licensed Child Care Center,NEWARK,DE,2 years through 10 years.,200,1
498644,SUSSEX,Licensed Family Child Care,MILLSBORO,DE,3 months through 12 years.,9,1
499331,New Castle,Licensed Child Care Center,WILMINGTON,DE,2 years through 5 years.,230,1
499737,Sussex,Licensed Child Care Center,MILTON,DE,6 weeks through 12 years.,110,1
499981,New Castle,Licensed Child Care Center,WILMINGTON,DE,6 weeks through 12 years.,346,1
500435,SUSSEX,Licensed Child Care Center,REHOBOTH BEACH,DE,Kindergarten through 11 years.,100,1
500436,SUSSEX,Licensed Child Care Center,LEWES,DE,Kindergarten through 11 years.,96,1
501714,New Castle,Licensed Child Care Center,WILMINGTON,DE,2 years through 5 years.,152,1
503075,Sussex,Licensed Family Child Care,BRIDGEVILLE,DE,6 weeks through 9 years.,9,1
505742,Kent,Licensed Child Care Center,CAMDEN,DE,2 years through 5 years.,36,1
507800,Sussex,Licensed Family Child Care,ELLENDALE,DE,5 years through 12 years.,9,1
510885,Kent,Licensed Child Care Center,DOVER,DE,6 weeks through 5 years.,60,1
512597,New Castle,Licensed Child Care Center,MIDDLETOWN,DE,Kindergarten through 11 years.,50,1
515316,Sussex,Licensed Child Care Center,MILLSBORO,DE,Kindergarten through 12 years.,100,1
515318,Sussex,Licensed Child Care Center,LAUREL,DE,Kindergarten through 12 years.,138,1
516068,New Castle,Licensed Child Care Center,MIDDLETOWN,DE,6 weeks through 12 years.,195,1
517127,New Castle,Licensed Child Care Center,WILMINGTON,DE,6 weeks through 12 years.,45,1
519020,New Castle,Licensed Family Child Care,WILMINGTON,DE,6 weeks through 12 years.,9,1
522396,New Castle,Licensed Child Care Center,WILMINGTON,DE,2 years through 5 years.,96,1
528359,New Castle,Licensed Child Care Center,WILMINGTON,DE,5 years through 12 years.,50,1
528361,New Castle,Licensed Child Care Center,WILMINGTON,DE,Kindergarten through 12 years.,65,1
528362,New Castle,Licensed Child Care Center,WILMINGTON,DE,Kindergarten through 12 years.,45,1
528363,New Castle,Licensed Child Care Center,WILMINGTON,DE,5 years through 12 years.,65,1
528580,New Castle,Licensed Child Care Center,WILMINGTON,DE,6 weeks through 1 year.,24,1
528754,New Castle,Licensed Family Child Care,NEW CASTLE,DE,6 weeks through 12 years.,9,1
529746,New Castle,Licensed Child Care Center,CLAYMONT,DE,Kindergarten through 12 years.,50,1
529747,New Castle,Licensed Child Care Center,WILMINGTON,DE,Kindergarten through 12 years.,53,1
531658,NEW CASTLE,Licensed Child Care Center,NEWARK,DE,6 weeks through 11 years.,321,1
532189,KENT,Licensed Family Child Care,DOVER,DE,6 weeks through 12 years.,9,1
533115,New Castle,Licensed Child Care Center,NEWARK,DE,Kindergarten through 12 years.,150,1
533687,New Castle,Licensed Family Child Care,NEW CASTLE,DE,6 weeks through 12 years.,9,1
537426,New Castle,Licensed Child Care Center,MIDDLETOWN,DE,Kindergarten through 12 years.,105,1
538382,NEW CASTLE,Licensed Child Care Center,WILMINGTON,DE,2 years through 12 years.,57,1
538637,New Castle,Licensed Child Care Center,NEWARK,DE,6 weeks through 12 years.,132,1
538816,New Castle,Licensed Child Care Center,NEWARK,DE,2 years through 5 years.,63,1
539344,New Castle,Licensed Family Child Care,NEWARK,DE,6 weeks through 12 years.,6,1
540263,Sussex,Licensed Family Child Care,BRIDGEVILLE,DE,6 weeks through 12 years.,9,1
540377,New Castle,Licensed Child Care Center,CLAYMONT,DE,1 year through 12 years.,153,1
547663,New Castle,Licensed Family Child Care,WILMINGTON,DE,6 weeks through 8 years.,9,1
550348,New Castle,Licensed Child Care Center,WILMINGTON,DE,1 year through 12 years.,60,1
552340,KENT,Licensed Child Care Center,SMYRNA,DE,Kindergarten through 12 years.,125,1
553918,New Castle,Licensed Family Child Care,NEWARK,DE,6 weeks through 12 years.,9,1
554452,New Castle,Licensed Child Care Center,NEWARK,DE,Kindergarten through 10 years.,75,1
556178,NEW CASTLE,Licensed Child Care Center,WILMINGTON,DE,5 years through 12 years.,161,1
558306,New Castle,Licensed Family Child Care,NEW CASTLE,DE,6 weeks through 12 years.,9,1
558902,New Castle,Licensed Large Family Child Care,WILMINGTON,DE,6 weeks through 12 years.,12,1
560851,Kent,Licensed Child Care Center,FREDERICA,DE,Kindergarten through 12 years.,118,1
562079,KENT,Licensed Child Care Center,DOVER,DE,5 years through 12 years.,50,1
562094,New Castle,Licensed Family Child Care,WILMINGTON,DE,3 months through 5 years.,9,1
564557,NEW CASTLE,Licensed Child Care Center,WILMINGTON,DE,Kindergarten through 12 years.,133,1
564685,Sussex,Licensed Child Care Center,REHOBOTH BEACH,DE,6 weeks through 12 years.,162,1
564819,New Castle,Licensed Child Care Center,NEWARK,DE,6 weeks through 12 years.,144,1
565622,New Castle,Licensed Family Child Care,NEWARK,DE,6 weeks through 12 years.,9,1
565865,NEW CASTLE,Licensed Family Child Care,NEW CASTLE,DE,6 weeks through 14 years.,9,1
565963,New Castle,Licensed Child Care Center,WILMINGTON,DE,Kindergarten through 12 years.,160,1
566024,New Castle,Licensed Family Child Care,BEAR,DE,6 weeks through 12 years.,9,1
567558,New Castle,Licensed Child Care Center,WILMINGTON,DE,Kindergarten through 12 years.,100,1
567713,New Castle,Licensed Large Family Child Care,WILMINGTON,DE,6 weeks through 2 years.,12,1
568212,NEW CASTLE,Licensed Large Family Child Care,WILMINGTON,DE,6 weeks through 12 years.,12,1
569449,Sussex,Licensed Large Family Child Care,LAUREL,DE,2 years through 12 years.,12,1
570535,New Castle,Licensed Child Care Center,BEAR,DE,6 weeks through 12 years.,161,1
571662,Kent,Licensed Child Care Center,SMYRNA,DE,6 weeks through 12 years.,134,1
575960,Sussex,Licensed Child Care Center,GEORGETOWN,DE,5 years through 12 years.,110,1
576759,Sussex,Licensed Family Child Care,LEWES,DE,6 weeks through 10 years.,9,1
580177,New Castle,Licensed Family Child Care,WILMINGTON,DE,1 year through 12 years.,9,1
580472,Sussex,Licensed Child Care Center,DAGSBORO,DE,Kindergarten through 12 years.,212,1
580488,Kent,Licensed Child Care Center,SMYRNA,DE,6 years through 12 years.,153,1
580489,Kent,Licensed Child Care Center,CLAYTON,DE,Kindergarten through 13 years.,69,1
580491,Kent,Licensed Child Care Center,SMYRNA,DE,5 years through 12 years.,64,1
580492,SUSSEX,Licensed Child Care Center,SEAFORD,DE,Kindergarten through 12 years.,200,1
581828,NEW CASTLE,Licensed Family Child Care,WILMINGTON,DE,6 weeks through 12 years.,9,1
584281,New Castle,Licensed Family Child Care,WILMINGTON,DE,6 weeks through 5 years.,9,1
588695,New Castle,Licensed Child Care Center,WILMINGTON,DE,5 years through 12 years.,80,1
590258,Sussex,Licensed Child Care Center,SEAFORD,DE,2 years through 5 years.,114,1
591174,Sussex,Licensed Child Care Center,GREENWOOD,DE,Kindergarten through 11 years.,75,1
592626,New Castle,Licensed Family Child Care,MIDDLETOWN,DE,6 weeks through 12 years.,9,1
593956,Kent,Licensed Child Care Center,FELTON,DE,Kindergarten through 12 years.,100,1
594103,Sussex,Licensed Child Care Center,SEAFORD,DE,2 years through 5 years.,30,1
595763,Sussex,Licensed Family Child Care,MILLSBORO,DE,6 weeks through 5 years.,9,1
599276,NEW CASTLE,Licensed Child Care Center,BEAR,DE,2 years through 12 years.,46,1
600338,New Castle,Licensed Family Child Care,NEW CASTLE,DE,1 year through 5 years.,9,1
601329,New Castle,Licensed Child Care Center,WILMINGTON,DE,5 years through 12 years.,180,1
606774,New Castle,Licensed Child Care Center,WILMINGTON,DE,5 years through 12 years.,30,1
612670,New Castle,Licensed Child Care Center,WILMINGTON,DE,6 weeks through 12 years.,130,1
613656,NEW CASTLE,Licensed Child Care Center,WILMINGTON,DE,6 weeks through 5 years.,195,1
618191,New Castle,Licensed Family Child Care,HOCKESSIN,DE,6 weeks through 12 years.,9,1
619227,New Castle,Licensed Child Care Center,WILMINGTON,DE,6 weeks through 12 years.,146,1
621538,New Castle,Licensed Child Care Center,WILMINGTON,DE,2 years through 12 years.,100,1
623370,New Castle,Licensed Child Care Center,WILMINGTON,DE,6 weeks through 10 years.,56,1
625169,New Castle,Licensed Child Care Center,NEWARK,DE,6 weeks through 12 years.,165,1
631348,Kent,Licensed Family Child Care,FELTON,DE,6 weeks through 12 years.,9,1
638013,Kent,Licensed Family Child Care,FELTON,DE,6 weeks through 13 years.,6,1
639905,Sussex,Licensed Large Family Child Care,SEAFORD,DE,1 year through 12 years.,12,1
641907,New Castle,Licensed Child Care Center,WILMINGTON,DE,6 weeks through 12 years.,115,1
643739,New Castle,Licensed Child Care Center,HOCKESSIN,DE,Kindergarten through 12 years.,125,1
645371,New Castle,Licensed Family Child Care,WILMINGTON,DE,6 weeks through 12 years.,9,1
646716,NEW CASTLE,Licensed Child Care Center,WILMINGTON,DE,6 weeks through 12 years.,179,1
646934,Kent,Licensed Family Child Care,DOVER,DE,3 years through 8 years.,9,1
650451,NEW CASTLE,Licensed Child Care Center,WILMINGTON,DE,Kindergarten through 12 years.,94,1
651764,New Castle,Licensed Child Care Center,BEAR,DE,6 weeks through 12 years.,43,1
654470,Kent,Licensed Child Care Center,DOVER,DE,Kindergarten through 12 years.,147,1
655261,New Castle,Licensed Child Care Center,WILMINGTON,DE,18 months through 5 years.,118,1
656870,Sussex,Licensed Family Child Care,LAUREL,DE,2 years through 5 years.,6,1
657735,Kent,Licensed Family Child Care,DOVER,DE,6 weeks through 12 years.,9,1
657894,New Castle,Licensed Family Child Care,WILMINGTON,DE,6 weeks through 12 years.,9,1
659950,NEW CASTLE,Licensed Large Family Child Care,NEW CASTLE,DE,6 weeks through 4 years.,12,1
662751,Kent,Licensed Child Care Center,CAMDEN,DE,6 weeks through 12 years.,75,1
665046,NEW CASTLE,Licensed Family Child Care,NEWARK,DE,2 years through 5 years.,9,1
665438,Kent,Licensed Large Family Child Care,SMYRNA,DE,3 years through 5 years.,12,1
666209,Sussex,Licensed Family Child Care,DELMAR,DE,6 weeks through 12 years.,9,1
666253,Sussex,Licensed Large Family Child Care,LAUREL,DE,6 weeks through 12 years.,12,1
669860,New Castle,Licensed Child Care Center,WILMINGTON,DE,2 years through 12 years.,25,1
670874,New Castle,Licensed Family Child Care,WILMINGTON,DE,6 weeks through 12 years.,9,1
672760,Sussex,Licensed Child Care Center,LINCOLN,DE,6 weeks through 12 years.,71,1
673859,NEW CASTLE,Licensed Child Care Center,WILMINGTON,DE,6 weeks through 12 years.,60,1
675932,New Castle,Licensed Child Care Center,MIDDLETOWN,DE,Kindergarten through 12 years.,75,1
676525,Kent,Licensed Child Care Center,DOVER,DE,Kindergarten through 12 years.,151,1
680748,New Castle,Licensed Family Child Care,WILMINGTON,DE,6 weeks through 12 years.,9,1
682016,New Castle,Licensed Child Care Center,NEWARK,DE,1 year through 12 years.,92,1
682887,New Castle,Licensed Family Child Care,WILMINGTON,DE,2 years through 12 years.,9,1
683243,New Castle,Licensed Family Child Care,NEW CASTLE,DE,6 weeks through 12 years.,9,1
685120,SUSSEX,Licensed Child Care Center,LEWES,DE,3 years through 5 years.,37,1
687275,New Castle,Licensed Family Child Care,WILMINGTON,DE,1 year through 12 years.,9,1
690019,New Castle,Licensed Child Care Center,NEW CASTLE,DE,Kindergarten through 12 years.,50,1
691820,New Castle,Licensed Child Care Center,MIDDLETOWN,DE,6 weeks through 12 years.,155,1
691866,New Castle,Licensed Family Child Care,WILMINGTON,DE,6 weeks through 12 years.,9,1
692969,New Castle,Licensed Child Care Center,BEAR,DE,6 years through 12 years.,76,1
692974,New Castle,Licensed Family Child Care,WILMINGTON,DE,6 weeks through 12 years.,8,1
693125,New Castle,Licensed Child Care Center,WILMINGTON,DE,Kindergarten through 12 years.,172,1
701248,New Castle,Licensed Family Child Care,WILMINGTON,DE,6 weeks through 12 years.,9,1
702179,New Castle,Licensed Family Child Care,NEWARK,DE,6 months through 12 years.,9,1
702640,New Castle,Licensed Child Care Center,HOCKESSIN,DE,2 years through 12 years.,126,1
702879,New Castle,Licensed Child Care Center,NEW CASTLE,DE,3 years through 5 years.,15,1
703393,Kent,Licensed Family Child Care,CLAYTON,DE,6 weeks through 12 years.,9,1
703570,NEW CASTLE,Licensed Child Care Center,WILMINGTON,DE,3 years through 12 years.,54,1
704779,Sussex,Licensed Large Family Child Care,LAUREL,DE,6 weeks through 12 years.,12,1
705319,NEW CASTLE,Licensed Family Child Care,BEAR,DE,8 weeks through 12 years.,9,1
705524,KENT,Licensed Family Child Care,DOVER,DE,6 months through 12 years.,6,1
705686,Sussex,Licensed Child Care Center,GEORGETOWN,DE,8 weeks through 12 years.,75,1
706579,New Castle,Licensed Child Care Center,NEWARK,DE,3 years through 12 years.,60,1
706857,New Castle,Licensed Family Child Care,WILMINGTON,DE,6 weeks through 12 years.,9,1
708536,NEW CASTLE,Licensed Child Care Center,NEWARK,DE,Kindergarten through 12 years.,35,1
709280,NEW CASTLE,Licensed Large Family Child Care,NEWARK,DE,6 weeks through 12 years.,12,1
718571,Sussex,Licensed Family Child Care,LINCOLN,DE,6 weeks through 8 years.,9,1
721964,Kent,Licensed Family Child Care,SMYRNA,DE,6 weeks through 12 years.,9,1
722508,New Castle,Licensed Family Child Care,BEAR,DE,6 weeks through 12 years.,9,1
723814,NEW CASTLE,Licensed Child Care Center,MIDDLETOWN,DE,6 weeks through 5 years.,165,1
725588,Sussex,Licensed Family Child Care,GREENWOOD,DE,6 months through 12 years.,9,1
729016,New Castle,Licensed Family Child Care,WILMINGTON,DE,5 years through 12 years.,6,1
731541,NEW CASTLE,Licensed Family Child Care,NEW CASTLE,DE,2 years through 5 years.,9,1
738359,New Castle,Licensed Child Care Center,NEWARK,DE,1 year through 5 years.,53,1
742950,New Castle,Licensed Child Care Center,WILMINGTON,DE,6 weeks through 12 years.,240,1
743596,New Castle,Licensed Child Care Center,BEAR,DE,6 weeks through 12 years.,208,1
744170,Kent,Licensed Child Care Center,CAMDEN WYOMING,DE,6 years through 12 years.,100,1
744172,Kent,Licensed Child Care Center,CAMDEN WYOMING,DE,6 years through 11 years.,141,1
744173,Kent,Licensed Child Care Center,DOVER,DE,6 years through 11 years.,81,1
744175,Kent,Licensed Child Care Center,DOVER,DE,6 years through 12 years.,65,1
745031,New Castle,Licensed Child Care Center,NEW CASTLE,DE,5 years through 12 years.,45,1
745033,NEW CASTLE,Licensed Child Care Center,NEW CASTLE,DE,Kindergarten through 12 years.,45,1
745034,New Castle,Licensed Child Care Center,BEAR,DE,Kindergarten through 12 years.,90,1
745737,New Castle,Licensed Family Child Care,NEW CASTLE,DE,6 weeks through 12 years.,9,1
751512,Kent,Licensed Large Family Child Care,DOVER,DE,6 weeks through 4 years.,12,1
752419,New Castle,Licensed Child Care Center,NEWARK,DE,6 weeks through 12 years.,116,1
753795,New Castle,Licensed Child Care Center,WILMINGTON,DE,1 year through 12 years.,38,1
754472,New Castle,Licensed Child Care Center,NEWARK,DE,Kindergarten through 12 years.,40,1
756254,NEW CASTLE,Licensed Family Child Care,WILMINGTON,DE,6 weeks through 12 years.,9,1
762783,NEW CASTLE,Licensed Child Care Center,BEAR,DE,6 weeks through 12 years.,154,1
772058,New Castle,Licensed Family Child Care,MIDDLETOWN,DE,6 weeks through 12 years.,6,1
772192,Sussex,Licensed Child Care Center,MILLSBORO,DE,1 year through 5 years.,29,1
774193,Sussex,Licensed Family Child Care,LAUREL,DE,5 years through 14 years.,9,1
776741,Kent,Licensed Child Care Center,MILFORD,DE,6 weeks through 5 years.,70,1
776760,New Castle,Licensed Large Family Child Care,WILMINGTON,DE,6 weeks through 5 years.,12,1
781347,New Castle,Licensed Child Care Center,NEWARK,DE,3 months through 11 years.,60,1
783370,New Castle,Licensed Large Family Child Care,NEWARK,DE,6 weeks through 12 years.,12,1
787277,Sussex,Licensed Child Care Center,MILFORD,DE,3 years through 12 years.,75,1
787572,NEW CASTLE,Licensed Family Child Care,NEWARK,DE,6 weeks through 5 years.,6,1
787716,Kent,Licensed Child Care Center,DOVER,DE,1 year through 12 years.,162,1
790686,New Castle,Licensed Family Child Care,WILMINGTON,DE,6 weeks through 12 years.,9,1
792207,NEW CASTLE,Licensed Large Family Child Care,TOWNSEND,DE,2 years through 12 years.,12,1
796096,New Castle,Licensed Child Care Center,NEW CASTLE,DE,6 weeks through 12 years.,38,1
800850,NEW CASTLE,Licensed Child Care Center,NEWARK,DE,Kindergarten through 12 years.,100,1
803059,New Castle,Licensed Child Care Center,TOWNSEND,DE,6 weeks through 12 years.,188,1
803290,New Castle,Licensed Child Care Center,NEWARK,DE,Kindergarten through 12 years.,103,1
804283,New Castle,Licensed Child Care Center,HOCKESSIN,DE,6 weeks through 12 years.,60,1
804386,Kent,Licensed Family Child Care,HARRINGTON,DE,6 weeks through 12 years.,9,1
810544,New Castle,Licensed Family Child Care,CLAYMONT,DE,6 weeks through 12 years.,9,1
811587,Sussex,Licensed Family Child Care,MILTON,DE,6 weeks through 12 years.,9,1
814899,New Castle,Licensed Family Child Care,WILMINGTON,DE,6 weeks through 12 years.,9,1
816610,Kent,Licensed Child Care Center,SMYRNA,DE,18 months through 8 years.,60,1
817160,KENT,Licensed Child Care Center,DOVER,DE,6 weeks through 12 years.,40,1
823339,Kent,Licensed Family Child Care,DOVER,DE,3 months through 12 years.,9,1
823977,Kent,Licensed Child Care Center,CAMDEN,DE,6 weeks through 12 years.,97,1
829235,Kent,Licensed Family Child Care,DOVER,DE,6 weeks through 12 years.,6,1
830615,New Castle,Licensed Child Care Center,WILMINGTON,DE,6 weeks through 12 years.,142,1
835028,New Castle,Licensed Family Child Care,NEW CASTLE,DE,6 weeks through 12 years.,9,1
836809,New Castle,Licensed Large Family Child Care,WILMINGTON,DE,6 weeks through 5 years.,12,1
838390,NEW CASTLE,Licensed Child Care Center,MIDDLETOWN,DE,6 weeks through 14 years.,84,1
839650,Kent,Licensed Child Care Center,SMYRNA,DE,Kindergarten through 12 years.,76,1
842373,NEW CASTLE,Licensed Family Child Care,NEW CASTLE,DE,6 weeks through 12 years.,6,1
843586,Kent,Licensed Child Care Center,CAMDEN WYOMING,DE,6 weeks through 12 years.,47,1
843590,Sussex,Licensed Child Care Center,SELBYVILLE,DE,6 weeks through 12 years.,168,1
843603,Sussex,Licensed Child Care Center,REHOBOTH BEACH,DE,Kindergarten through 17 years.,180,1
847022,New Castle,Licensed Child Care Center,NEWPORT,DE,6 weeks through 12 years.,74,1
850098,New Castle,Licensed Child Care Center,WILMINGTON,DE,6 weeks through 12 years.,166,1
851389,New Castle,Licensed Large Family Child Care,WILMINGTON,DE,6 weeks through 12 years.,12,1
851437,Kent,Licensed Child Care Center,DOVER,DE,1 year through 5 years.,60,1
852085,New Castle,Licensed Child Care Center,NEWARK,DE,1 year through 5 years.,38,1
852090,New Castle,Licensed Child Care Center,NEW CASTLE,DE,Kindergarten through 12 years.,30,1
856187,New Castle,Licensed Child Care Center,WILMINGTON,DE,6 weeks through 12 years.,197,1
856349,SUSSEX,Licensed Child Care Center,GEORGETOWN,DE,Kindergarten through 12 years.,28,1
856518,New Castle,Licensed Family Child Care,NEW CASTLE,DE,6 months through 12 years.,9,1
856583,New Castle,Licensed Family Child Care,NEWARK,DE,6 weeks through 12 years.,8,1
859512,SUSSEX,Licensed Child Care Center,LEWES,DE,18 months through 5 years.,30,1
860191,New Castle,Licensed Child Care Center,MIDDLETOWN,DE,Kindergarten through 11 years.,60,1
861932,SUSSEX,Licensed Family Child Care,SEAFORD,DE,18 months through 12 years.,9,1
862488,New Castle,Licensed Family Child Care,WILMINGTON,DE,6 weeks through 12 years.,6,1
866499,New Castle,Licensed Large Family Child Care,NEWARK,DE,6 weeks through 5 years.,12,1
868932,Sussex,Licensed Large Family Child Care,FRANKFORD,DE,2 years through 5 years.,12,1
870348,Sussex,Licensed Child Care Center,REHOBOTH BEACH,DE,6 weeks through 12 years.,89,1
872529,New Castle,Licensed Family Child Care,NEW CASTLE,DE,6 weeks through 12 years.,6,1
874259,Sussex,Licensed Child Care Center,LAUREL,DE,6 weeks through 12 years.,59,1
874621,NEW CASTLE,Licensed Child Care Center,WILMINGTON,DE,6 weeks through 12 years.,114,1
882584,New Castle,Licensed Child Care Center,CLAYMONT,DE,Kindergarten through 12 years.,234,1
883808,KENT,Licensed Child Care Center,MAGNOLIA,DE,5 years through 6 years.,93,1
886064,Kent,Licensed Family Child Care,FREDERICA,DE,6 weeks through 12 years.,6,1
887336,New Castle,Licensed Child Care Center,NEWARK,DE,6 weeks through 12 years.,101,1
892887,Kent,Licensed Child Care Center,SMYRNA,DE,6 years through 12 years.,92,1
893639,New Castle,Licensed Family Child Care,CLAYMONT,DE,6 weeks through 12 years.,9,1
894018,Kent,Licensed Large Family Child Care,DOVER,DE,6 weeks through 12 years.,12,1
896313,NEW CASTLE,Licensed Family Child Care,WILMINGTON,DE,3 months through 5 years.,6,1
900294,Sussex,Licensed Child Care Center,SELBYVILLE,DE,6 weeks through 12 years.,76,1
901105,NEW CASTLE,Licensed Family Child Care,NEW CASTLE,DE,6 weeks through 12 years.,9,1
907023,Kent,Licensed Child Care Center,DOVER,DE,6 weeks through 12 years.,60,1
908124,New Castle,Licensed Family Child Care,NEWARK,DE,6 weeks through 12 years.,9,1
910458,KENT,Licensed Family Child Care,MAGNOLIA,DE,6 weeks through 12 years.,9,1
912888,Kent,Licensed Child Care Center,DOVER,DE,6 weeks through 5 years.,39,1
914148,New Castle,Licensed Family Child Care,WILMINGTON,DE,6 weeks through 12 years.,6,1
916267,Kent,Licensed Family Child Care,FELTON,DE,2 years through 12 years.,6,1
917964,New Castle,Licensed Child Care Center,WILMINGTON,DE,6 weeks through 5 years.,38,1
919420,New Castle,Licensed Child Care Center,NEW CASTLE,DE,6 weeks through 12 years.,274,1
922153,Kent,Licensed Family Child Care,CLAYTON,DE,6 weeks through 12 years.,9,1
923126,New Castle,Licensed Child Care Center,WILMINGTON,DE,Kindergarten through 8 years.,93,1
927168,New Castle,Licensed Child Care Center,WILMINGTON,DE,6 weeks through 12 years.,73,1
929039,New Castle,Licensed Child Care Center,NEW CASTLE,DE,6 weeks through 12 years.,95,1
933545,Kent,Licensed Family Child Care,MAGNOLIA,DE,1 year through 5 years.,6,1
933912,New Castle,Licensed Large Family Child Care,WILMINGTON,DE,6 weeks through 5 years.,12,1
939546,NEW CASTLE,Licensed Child Care Center,CLAYMONT,DE,6 weeks through 12 years.,144,1
944932,New Castle,Licensed Family Child Care,WILMINGTON,DE,1 year through 5 years.,6,1
946587,New Castle,Licensed Family Child Care,CLAYMONT,DE,5 years through 12 years.,9,1
958964,Kent,Licensed Child Care Center,DOVER,DE,1 year through 12 years.,60,1
962974,Kent,Licensed Family Child Care,DOVER,DE,6 weeks through 12 years.,8,1
968125,New Castle,Licensed Family Child Care,NEW CASTLE,DE,6 weeks through 12 years.,9,1
973652,Sussex,Licensed Child Care Center,MILFORD,DE,6 weeks through 12 years.,63,1
975301,New Castle,Licensed Child Care Center,NEWARK,DE,Kindergarten through 12 years.,60,1
976072,Sussex,Licensed Family Child Care,BRIDGEVILLE,DE,1 year through 12 years.,9,1
977686,New Castle,Licensed Large Family Child Care,BEAR,DE,3 years through 5 years.,12,1
982376,Sussex,Licensed Child Care Center,LEWES,DE,6 weeks through 12 years.,50,1
996273,New Castle,Licensed Large Family Child Care,HOCKESSIN,DE,2 years through 5 years.,12,1
998818,NEW CASTLE,Licensed Child Care Center,WILMINGTON,DE,6 weeks through 12 years.,156,1
1000579,Sussex,Licensed Child Care Center,HARBESON,DE,6 weeks through Kindergarten.,124,1
1004368,New Castle,Licensed Family Child Care,WILMINGTON,DE,6 months through 6 years.,6,1
1005371,New Castle,Licensed Child Care Center,WILMINGTON,DE,6 weeks through 12 years.,72,1
1006142,NEW CASTLE,Licensed Family Child Care,NEW CASTLE,DE,6 weeks through 12 years.,9,1
1007732,New Castle,Licensed Child Care Center,WILMINGTON,DE,6 weeks through 5 years.,42,1
1010558,New Castle,Licensed Family Child Care,MIDDLETOWN,DE,6 weeks through 5 years.,6,1
1013463,New Castle,Licensed Family Child Care,NEW CASTLE,DE,1 year through 12 years.,9,1
1014958,Sussex,Licensed Large Family Child Care,MILFORD,DE,1 year through 12 years.,12,1
1015838,NEW CASTLE,Licensed Family Child Care,MIDDLETOWN,DE,6 weeks through 12 years.,9,1
1016870,New Castle,Licensed Large Family Child Care,WILMINGTON,DE,6 weeks through 12 years.,12,1
1018612,New Castle,Licensed Child Care Center,WILMINGTON,DE,6 weeks through 12 years.,49,1
1019281,NEW CASTLE,Licensed Child Care Center,MIDDLETOWN,DE,6 weeks through 12 years.,144,1
1023271,New Castle,Licensed Child Care Center,WILMINGTON,DE,6 weeks through 5 years.,65,1
1023519,New Castle,Licensed Child Care Center,WILMINGTON,DE,6 weeks through 12 years.,40,1
1023686,NEW CASTLE,Licensed Large Family Child Care,WILMINGTON,DE,6 weeks through 3 years.,12,1
1027543,NEW CASTLE,Licensed Child Care Center,WILMINGTON,DE,6 weeks through 12 years.,60,1
1030583,Sussex,Licensed Child Care Center,MILLSBORO,DE,6 weeks through 10 years.,38,1
1032460,NEW CASTLE,Licensed Family Child Care,MIDDLETOWN,DE,2 years through 13 years.,6,1
1033382,New Castle,Licensed Child Care Center,BEAR,DE,6 weeks through 12 years.,102,1
1034687,New Castle,Licensed Child Care Center,NEWARK,DE,6 weeks through 12 years.,103,1
1035428,NEW CASTLE,Licensed Family Child Care,WILMINGTON,DE,1 year through 12 years.,6,1
1037435,New Castle,Licensed Child Care Center,WILMINGTON,DE,6 weeks through 12 years.,55,1
1040683,New Castle,Licensed Child Care Center,TOWNSEND,DE,Kindergarten through 7 years.,45,1
1042367,New Castle,Licensed Child Care Center,NEWARK,DE,1 year through Kindergarten.,102,1
1044321,New Castle,Licensed Child Care Center,WILMINGTON,DE,3 years through 5 years.,106,1
1058557,Sussex,Licensed Child Care Center,LEWES,DE,Kindergarten through 12 years.,95,1
1058806,New Castle,Licensed Child Care Center,WILMINGTON,DE,6 weeks through 12 years.,41,1
1060711,New Castle,Licensed Child Care Center,WILMINGTON,DE,6 weeks through 12 years.,43,1
1062091,Sussex,Licensed Child Care Center,MILLSBORO,DE,2 years through 12 years.,30,1
1064866,NEW CASTLE,Licensed Family Child Care,WILMINGTON,DE,6 weeks through 12 years.,9,1
1067012,Kent,Licensed Child Care Center,SMYRNA,DE,1 year through 12 years.,44,1
1069579,New Castle,Licensed Family Child Care,CLAYMONT,DE,3 months through 12 years.,9,1
1080415,Kent,Licensed Child Care Center,DOVER,DE,1 year through 12 years.,75,1
1081269,Kent,Licensed Child Care Center,DOVER,DE,6 weeks through 18 years.,124,1
1088331,New Castle,Licensed Child Care Center,BEAR,DE,3 years through 4 years.,45,1
1089090,NEW CASTLE,Licensed Large Family Child Care,WILMINGTON,DE,1 year through 12 years.,11,1
1094617,KENT,Licensed Child Care Center,DOVER,DE,6 weeks through 12 years.,84,1
1095328,New Castle,Licensed Family Child Care,WILMINGTON,DE,6 weeks through 5 years.,6,1
1095477,New Castle,Licensed Child Care Center,NEW CASTLE,DE,Kindergarten through 12 years.,30,1
1096007,New Castle,Licensed Family Child Care,MIDDLETOWN,DE,6 weeks through 5 years.,6,1
1103176,Sussex,Licensed Child Care Center,MILLSBORO,DE,3 months through 12 years.,128,1
1104879,New Castle,Licensed Family Child Care,WILMINGTON,DE,6 weeks through 12 years.,9,1
1106235,Kent,Licensed Family Child Care,FELTON,DE,6 weeks through 5 years.,6,1
1111987,NEW CASTLE,Licensed Family Child Care,NEW CASTLE,DE,6 weeks through 12 years.,9,1
1122771,New Castle,Licensed Large Family Child Care,WILMINGTON,DE,6 weeks through 12 years.,12,1
1126693,NEW CASTLE,Licensed Family Child Care,NEW CASTLE,DE,6 weeks through 12 years.,8,1
1127712,New Castle,Licensed Child Care Center,MIDDLETOWN,DE,6 weeks through 12 years.,54,1
1128071,New Castle,Licensed Child Care Center,WILMINGTON,DE,6 weeks through 12 years.,122,1
1129148,New Castle,Licensed Large Family Child Care,WILMINGTON,DE,6 weeks through 12 years.,12,1
1131350,New Castle,Licensed Child Care Center,NEWARK,DE,6 weeks through 12 years.,132,1
1132361,Kent,Licensed Large Family Child Care,DOVER,DE,6 weeks through Kindergarten.,12,1
1132753,NEW CASTLE,Licensed Family Child Care,WILMINGTON,DE,6 weeks through 12 years.,9,1
1135882,New Castle,Licensed Child Care Center,NEWARK,DE,6 weeks through 12 years.,134,1
1142508,Sussex,Licensed Large Family Child Care,DELMAR,DE,6 weeks through 10 years.,12,1
1143267,SUSSEX,Licensed Child Care Center,GEORGETOWN,DE,1 year through 12 years.,131,1
1148248,Sussex,Licensed Family Child Care,BRIDGEVILLE,DE,6 weeks through 12 years.,6,1
1154510,New Castle,Licensed Child Care Center,WILMINGTON,DE,1 year through 12 years.,60,1
1154718,Sussex,Licensed Family Child Care,SEAFORD,DE,Kindergarten through 12 years.,6,1
1155739,Kent,Licensed Child Care Center,DOVER,DE,6 weeks through 10 years.,113,1
1160082,NEW CASTLE,Licensed Child Care Center,NEWARK,DE,6 weeks through 12 years.,81,1
1162867,SUSSEX,Licensed Child Care Center,DAGSBORO,DE,6 weeks through 6 years.,31,1
1163639,Sussex,Licensed Child Care Center,MILLSBORO,DE,3 years through 5 years.,20,1
1167256,New Castle,Licensed Child Care Center,MIDDLETOWN,DE,3 years through 4 years.,22,1
1168888,New Castle,Licensed Child Care Center,NEWARK,DE,6 weeks through 12 years.,60,1
1169373,NEW CASTLE,Licensed Large Family Child Care,NEW CASTLE,DE,6 months through 12 years.,12,1
1169499,New Castle,Licensed Family Child Care,NEW CASTLE,DE,6 weeks through 12 years.,9,1
1169910,Sussex,Licensed Family Child Care,BRIDGEVILLE,DE,6 weeks through 12 years.,6,1
1171537,New Castle,Licensed Child Care Center,WILMINGTON,DE,3 years through 5 years.,120,1
1171741,Sussex,Licensed Large Family Child Care,MILFORD,DE,6 months through 4 years.,12,1
1187909,Sussex,Licensed Child Care Center,DAGSBORO,DE,1 year through 8 years.,35,1
1187964,Kent,Licensed Child Care Center,DOVER,DE,6 weeks through 12 years.,110,1
1188542,New Castle,Licensed Large Family Child Care,NEW CASTLE,DE,6 weeks through 12 years.,12,1
1190674,New Castle,Licensed Large Family Child Care,NEW CASTLE,DE,6 months through 12 years.,12,1
1194452,New Castle,Licensed Child Care Center,WILMINGTON,DE,6 weeks through 12 years.,92,1
1196173,SUSSEX,Licensed Child Care Center,SEAFORD,DE,6 weeks through 12 years.,132,1
1198497,Kent,Licensed Child Care Center,CAMDEN WYOMING,DE,6 weeks through 12 years.,60,1
1202858,New Castle,Licensed Family Child Care,NEWARK,DE,6 weeks through 12 years.,9,1
1208738,KENT,Licensed Child Care Center,HARRINGTON,DE,6 weeks through 12 years.,102,1
1210735,SUSSEX,Licensed Child Care Center,LAUREL,DE,6 weeks through 12 years.,52,1
1212039,Kent,Licensed Child Care Center,DOVER,DE,3 years through 12 years.,289,1
1213866,NEW CASTLE,Licensed Child Care Center,NEW CASTLE,DE,6 weeks through 5 years.,135,1
1217291,New Castle,Licensed Child Care Center,NEWARK,DE,6 weeks through 12 years.,54,1
1218402,Kent,Licensed Child Care Center,SMYRNA,DE,6 weeks through 12 years.,46,1
1223206,Kent,Licensed Large Family Child Care,FARMINGTON,DE,6 weeks through 12 years.,12,1
1228811,New Castle,Licensed Child Care Center,HOCKESSIN,DE,5 years through 12 years.,90,1
1234907,NEW CASTLE,Licensed Child Care Center,WILMINGTON,DE,6 weeks through 5 years.,62,1
1236191,New Castle,Licensed Child Care Center,WILMINGTON,DE,6 weeks through 12 years.,83,1
1243941,New Castle,Licensed Family Child Care,NEW CASTLE,DE,6 months through 5 years.,9,1
1244013,Sussex,Licensed Large Family Child Care,SEAFORD,DE,18 months through 12 years.,12,1
1244791,Sussex,Licensed Child Care Center,BRIDGEVILLE,DE,6 weeks through 5 years.,22,1
1244855,KENT,Licensed Family Child Care,DOVER,DE,6 weeks through 12 years.,6,1
1247327,New Castle,Licensed Large Family Child Care,WILMINGTON,DE,6 weeks through 12 years.,11,1
1247330,KENT,Licensed Large Family Child Care,DOVER,DE,1 year through 12 years.,12,1
1263742,New Castle,Licensed Child Care Center,WILMINGTON,DE,6 weeks through 12 years.,103,1
1264854,New Castle,Licensed Child Care Center,MIDDLETOWN,DE,6 weeks through 12 years.,107,1
1265105,SUSSEX,Licensed Large Family Child Care,SEAFORD,DE,1 year through 10 years.,10,1
1266768,NEW CASTLE,Licensed Large Family Child Care,NEW CASTLE,DE,6 weeks through 12 years.,12,1
1267215,New Castle,Licensed Family Child Care,MIDDLETOWN,DE,3 months through 6 years.,6,1
1269825,NEW CASTLE,Licensed Child Care Center,WILMINGTON,DE,3 years through 5 years.,140,1
1272978,Sussex,Licensed Large Family Child Care,GEORGETOWN,DE,6 weeks through 2 years.,12,1
1273150,NEW CASTLE,Licensed Child Care Center,NEWARK,DE,6 weeks through 12 years.,76,1
1273801,NEW CASTLE,Licensed Large Family Child Care,TOWNSEND,DE,6 weeks through 12 years.,12,1
1275722,New Castle,Licensed Child Care Center,WILMINGTON,DE,6 weeks through 12 years.,62,1
1280373,New Castle,Licensed Large Family Child Care,NEWARK,DE,6 weeks through 6 years.,12,1
1282684,New Castle,Licensed Child Care Center,CLAYMONT,DE,1 year through 5 years.,48,1
1283544,NEW CASTLE,Licensed Child Care Center,WILMINGTON,DE,6 weeks through 12 years.,138,1
1285223,New Castle,Licensed Child Care Center,WILMINGTON,DE,6 weeks through 12 years.,49,1
1289946,New Castle,Licensed Child Care Center,MIDDLETOWN,DE,6 weeks through 12 years.,149,1
1297590,New Castle,Licensed Family Child Care,NEW CASTLE,DE,6 weeks through 12 years.,9,1
1298291,New Castle,Licensed Child Care Center,WILMINGTON,DE,8 years through 12 years.,107,1
1304587,New Castle,Licensed Family Child Care,CLAYMONT,DE,Kindergarten through 12 years.,8,1
1309479,Kent,Licensed Family Child Care,DOVER,DE,6 months through Kindergarten.,9,1
1312149,Kent,Licensed Large Family Child Care,DOVER,DE,6 weeks through 12 years.,12,1
1312266,Sussex,Licensed Child Care Center,LEWES,DE,6 weeks through 12 years.,58,1
1312351,New Castle,Licensed Family Child Care,MIDDLETOWN,DE,6 weeks through 12 years.,6,1
1312625,New Castle,Licensed Child Care Center,WILMINGTON,DE,Kindergarten through 12 years.,50,1
1312760,New Castle,Licensed Family Child Care,WILMINGTON,DE,8 weeks through 12 years.,6,1
1313931,NEW CASTLE,Licensed Child Care Center,WILMINGTON,DE,1 year through 3 years.,25,1
1314733,New Castle,Licensed Child Care Center,WILMINGTON,DE,6 weeks through 12 years.,136,1
1320522,Kent,Licensed Family Child Care,SMYRNA,DE,6 weeks through Kindergarten.,6,1
1326769,New Castle,Licensed Child Care Center,BEAR,DE,6 weeks through 12 years.,98,1
1327544,New Castle,Licensed Child Care Center,WILMINGTON,DE,Kindergarten through 12 years.,74,1
1328421,NEW CASTLE,Licensed Child Care Center,NEW CASTLE,DE,1 year through 12 years.,30,1
1329105,New Castle,Licensed Family Child Care,BEAR,DE,6 weeks through 12 years.,6,1
1330074,NEW CASTLE,Licensed Large Family Child Care,BEAR,DE,6 weeks through 6 years.,12,1
1331360,New Castle,Licensed Child Care Center,NEWARK,DE,6 weeks through 12 years.,125,1
1331688,SUSSEX,Licensed Child Care Center,FRANKFORD,DE,3 years through 5 years.,185,1
1332117,New Castle,Licensed Child Care Center,MIDDLETOWN,DE,6 weeks through 12 years.,127,1
1333325,New Castle,Licensed Child Care Center,WILMINGTON,DE,6 weeks through 5 years.,156,1
1335526,KENT,Licensed Child Care Center,DOVER,DE,1 year through 5 years.,52,1
1336372,Sussex,Licensed Child Care Center,LEWES,DE,Kindergarten through 11 years.,86,1
1336379,New Castle,Licensed Family Child Care,NEWARK,DE,6 weeks through 12 years.,9,1
1337539,SUSSEX,Licensed Family Child Care,SEAFORD,DE,6 weeks through 12 years.,9,1
1338131,SUSSEX,Licensed Child Care Center,MILTON,DE,Kindergarten through 12 years.,125,1
1339738,New Castle,Licensed Family Child Care,NEW CASTLE,DE,6 weeks through 12 years.,9,1
1343290,NEW CASTLE,Licensed Child Care Center,WILMINGTON,DE,6 months through 12 years.,65,1
1345581,SUSSEX,Licensed Family Child Care,SEAFORD,DE,3 years through 11 years.,6,1
1346510,KENT,Licensed Child Care Center,DOVER,DE,3 years through 12 years.,40,1
1347188,NEW CASTLE,Licensed Family Child Care,NEW CASTLE,DE,6 weeks through 5 years.,6,1
1349247,New Castle,Licensed Child Care Center,NEW CASTLE,DE,5 years through 12 years.,15,1
1353937,NEW CASTLE,Licensed Child Care Center,NEWARK,DE,Kindergarten through 14 years.,374,1
1354908,NEW CASTLE,Licensed Child Care Center,NEWARK,DE,6 weeks through 12 years.,229,1
1354964,New Castle,Licensed Family Child Care,BEAR,DE,6 weeks through Kindergarten.,9,1
1356499,New Castle,Licensed Child Care Center,WILMINGTON,DE,3 years through 10 years.,18,1
1357906,New Castle,Licensed Child Care Center,NEWARK,DE,6 weeks through 12 years.,95,1
1358481,SUSSEX,Licensed Family Child Care,GEORGETOWN,DE,6 weeks through 12 years.,9,1
1362051,New Castle,Licensed Large Family Child Care,NEW CASTLE,DE,8 weeks through 10 years.,12,1
1362516,Sussex,Licensed Large Family Child Care,SEAFORD,DE,2 years through 12 years.,10,1
1362595,NEW CASTLE,Licensed Child Care Center,WILMINGTON,DE,6 weeks through 12 years.,57,1
1362733,SUSSEX,Licensed Child Care Center,GEORGETOWN,DE,6 weeks through 5 years.,58,1
1363376,New Castle,Licensed Child Care Center,MIDDLETOWN,DE,Kindergarten through Kindergarten.,64,1
1364370,New Castle,Licensed Child Care Center,WILMINGTON,DE,3 years through 12 years.,45,1
1364539,KENT,Licensed Child Care Center,DOVER,DE,6 weeks through 12 years.,95,1
1370227,NEW CASTLE,Licensed Family Child Care,NEWARK,DE,6 weeks through 12 years.,9,1
1371919,New Castle,Licensed Family Child Care,WILMINGTON,DE,3 months through 12 years.,9,1
1372691,SUSSEX,Licensed Child Care Center,LEWES,DE,3 years through 5 years.,50,1
1373355,New Castle,Licensed Family Child Care,NEWARK,DE,6 weeks through 13 years.,9,1
1377727,SUSSEX,Licensed Large Family Child Care,LINCOLN,DE,6 weeks through 12 years.,12,1
1379319,NEW CASTLE,Licensed Child Care Center,TOWNSEND,DE,6 weeks through 12 years.,144,1
1381669,New Castle,Licensed Large Family Child Care,WILMINGTON,DE,6 weeks through 5 years.,12,1
1383841,NEW CASTLE,Licensed Child Care Center,WILMINGTON,DE,7 years through 17 years.,30,1
1385781,New Castle,Licensed Family Child Care,NEW CASTLE,DE,6 months through 12 years.,6,1
1394338,Kent,Licensed Large Family Child Care,DOVER,DE,6 weeks through 4 years.,12,1
1395555,NEW CASTLE,Licensed Child Care Center,WILMINGTON,DE,6 weeks through 12 years.,51,1
1399544,Kent,Licensed Family Child Care,DOVER,DE,6 weeks through 12 years.,9,1
1400169,NEW CASTLE,Licensed Child Care Center,WILMINGTON,DE,6 weeks through 12 years.,63,1
1421456,KENT,Licensed Large Family Child Care,DOVER,DE,6 weeks through 12 years.,12,1
1423593,NEW CASTLE,Licensed Child Care Center,WILMINGTON,DE,6 weeks through 12 years.,126,1
1423658,NEW CASTLE,Licensed Child Care Center,NEW CASTLE,DE,6 weeks through 12 years.,92,1
1423771,NEW CASTLE,Licensed Family Child Care,MIDDLETOWN,DE,18 months through 12 years.,6,1
1424866,NEW CASTLE,Licensed Family Child Care,NEW CASTLE,DE,2 years through 5 years.,6,1
1425259,NEW CASTLE,Licensed Family Child Care,BEAR,DE,8 weeks through 10 years.,9,1
1426164,NEW CASTLE,Licensed Family Child Care,NEWARK,DE,1 year through 5 years.,6,1
1427163,KENT,Licensed Family Child Care,SMYRNA,DE,6 weeks through Kindergarten.,6,1
1428597,NEW CASTLE,Licensed Large Family Child Care,WILMINGTON,DE,6 weeks through 12 years.,12,1
1429169,NEW CASTLE,Licensed Child Care Center,BEAR,DE,Kindergarten through 12 years.,79,1
1430310,NEW CASTLE,Licensed Large Family Child Care,TOWNSEND,DE,6 weeks through 12 years.,11,1
1432409,KENT,Licensed Large Family Child Care,CAMDEN,DE,3 years through 5 years.,11,1
1432675,NEW CASTLE,Licensed Child Care Center,WILMINGTON,DE,Kindergarten through 12 years.,80,1
1434191,NEW CASTLE,Licensed Child Care Center,MIDDLETOWN,DE,6 weeks through 12 years.,218,1
1435493,NEW CASTLE,Licensed Child Care Center,WILMINGTON,DE,6 weeks through 13 years.,26,1
1436238,KENT,Licensed Family Child Care,DOVER,DE,6 weeks through 12 years.,6,1
1437987,NEW CASTLE,Licensed Large Family Child Care,WILMINGTON,DE,6 weeks through 12 years.,9,1
1439542,KENT,Licensed Family Child Care,DOVER,DE,6 weeks through 12 years.,9,1
1439990,SUSSEX,Licensed Child Care Center,GEORGETOWN,DE,1 year through 12 years.,50,1
1440274,NEW CASTLE,Licensed Child Care Center,WILMINGTON,DE,18 months through 6 years.,75,1
1440440,NEW CASTLE,Licensed Child Care Center,WILMINGTON,DE,3 months through 5 years.,24,1
1440621,NEW CASTLE,Licensed Child Care Center,WILMINGTON,DE,6 weeks through 12 years.,24,1
1441343,NEW CASTLE,Licensed Family Child Care,BEAR,DE,6 weeks through 12 years.,6,1
1441776,SUSSEX,Licensed Family Child Care,SEAFORD,DE,6 weeks through 12 years.,9,1
1441952,KENT,Licensed Large Family Child Care,HARRINGTON,DE,6 weeks through 12 years.,12,1
1443452,NEW CASTLE,Licensed Child Care Center,WILMINGTON,DE,6 weeks through 3 years.,57,1
1443580,NEW CASTLE,Licensed Family Child Care,WILMINGTON,DE,6 weeks through 12 years.,9,1
1443669,NEW CASTLE,Licensed Child Care Center,MIDDLETOWN,DE,6 weeks through 12 years.,54,1
1444138,KENT,Licensed Family Child Care,DOVER,DE,1 year through 12 years.,6,1
1445081,NEW CASTLE,Licensed Child Care Center,NEWARK,DE,6 weeks through 12 years.,105,1
1445885,SUSSEX,Licensed Family Child Care,MILLSBORO,DE,6 weeks through 6 years.,6,1
1446136,KENT,Licensed Family Child Care,SMYRNA,DE,6 weeks through 5 years.,6,1
1446587,NEW CASTLE,Licensed Family Child Care,NEWARK,DE,6 weeks through 12 years.,6,1
1446764,NEW CASTLE,Licensed Family Child Care,WILMINGTON,DE,6 weeks through 5 years.,9,1
1449630,NEW CASTLE,Licensed Child Care Center,MIDDLETOWN,DE,Kindergarten through 12 years.,72,1
1449632,NEW CASTLE,Licensed Child Care Center,MIDDLETOWN,DE,Kindergarten through 11 years.,120,1
1449858,NEW CASTLE,Licensed Child Care Center,WILMINGTON,DE,6 weeks through 5 years.,129,1
1451528,NEW CASTLE,Licensed Child Care Center,WILMINGTON,DE,3 years through 5 years.,120,1
1451918,KENT,Licensed Family Child Care,HARRINGTON,DE,2 years through 7 years.,9,1
1453301,NEW CASTLE,Licensed Family Child Care,WILMINGTON,DE,6 weeks through 12 years.,6,1
1453785,KENT,Licensed Family Child Care,HARRINGTON,DE,6 weeks through 12 years.,6,1
1453946,KENT,Licensed Child Care Center,DOVER,DE,6 weeks through 5 years.,56,1
1454237,NEW CASTLE,Licensed Child Care Center,MIDDLETOWN,DE,6 weeks through 12 years.,191,1
1455718,NEW CASTLE,Licensed Family Child Care,WILMINGTON,DE,2 years through 12 years.,9,1
1456251,KENT,Licensed Child Care Center,SMYRNA,DE,6 weeks through 12 years.,191,1
1456252,NEW CASTLE,Licensed Child Care Center,NEWARK,DE,6 weeks through 12 years.,220,1
1456254,NEW CASTLE,Licensed Child Care Center,ODESSA,DE,6 weeks through 12 years.,205,1
1456688,NEW CASTLE,Licensed Child Care Center,WILMINGTON,DE,6 weeks through 12 years.,43,1
1457041,SUSSEX,Licensed Large Family Child Care,SEAFORD,DE,1 year through 12 years.,12,1
1458416,KENT,Licensed Family Child Care,DOVER,DE,6 weeks through 12 years.,5,1
1458667,NEW CASTLE,Licensed Child Care Center,HISTORIC NEW CASTLE,DE,6 weeks through 12 years.,212,1
1459651,NEW CASTLE,Licensed Child Care Center,SMYRNA,DE,1 year through 12 years.,108,1
1459877,NEW CASTLE,Licensed Child Care Center,WILMINGTON,DE,6 weeks through 12 years.,154,1
1460895,KENT,Licensed Family Child Care,DOVER,DE,6 weeks through 12 years.,6,1
1461796,NEW CASTLE,Licensed Large Family Child Care,WILMINGTON,DE,6 weeks through 12 years.,12,1
1461848,NEW CASTLE,Licensed Large Family Child Care,WILMINGTON,DE,6 weeks through 5 years.,12,1
1462781,NEW CASTLE,Licensed Child Care Center,DELAWARE CITY,DE,6 weeks through 5 years.,30,1
1468739,NEW CASTLE,Licensed Family Child Care,NEWARK,DE,6 weeks through 12 years.,6,1
1469844,SUSSEX,Licensed Child Care Center,GEORGETOWN,DE,6 weeks through 5 years.,84,1
1473065,NEW CASTLE,Licensed Family Child Care,NEWARK,DE,6 weeks through 12 years.,6,1
1473663,SUSSEX,Licensed Child Care Center,SEAFORD,DE,3 years through 5 years.,15,1
1473667,KENT,Licensed Child Care Center,SMYRNA,DE,3 years through 5 years.,54,1
1473908,SUSSEX,Licensed Child Care Center,LAUREL,DE,3 years through 5 years.,140,1
1473939,NEW CASTLE,Licensed Child Care Center,TOWNSEND,DE,Kindergarten through 12 years.,109,1
1474955,KENT,Licensed Child Care Center,DOVER,DE,3 years through 5 years.,54,1
1475459,SUSSEX,Licensed Child Care Center,MILFORD,DE,3 years through 5 years.,49,1
1475636,KENT,Licensed Child Care Center,DOVER,DE,6 weeks through 12 years.,56,1
1475638,SUSSEX,Licensed Child Care Center,GEORGETOWN,DE,3 years through 5 years.,15,1
1476161,SUSSEX,Licensed Family Child Care,BRIDGEVILLE,DE,6 weeks through 6 years.,6,1
1478042,KENT,Licensed Child Care Center,DOVER,DE,3 years through 5 years.,78,1
1478382,SUSSEX,Licensed Child Care Center,BRIDGEVILLE,DE,3 years through 5 years.,45,1
1478440,NEW CASTLE,Licensed Family Child Care,NEWPORT,DE,6 weeks through 6 years.,9,1
1478750,SUSSEX,Licensed Child Care Center,LONG NECK,DE,6 weeks through 3 years.,25,1
1479150,KENT,Licensed Child Care Center,DOVER,DE,6 weeks through 5 years.,58,1
1479304,NEW CASTLE,Licensed Large Family Child Care,NEW CASTLE,DE,6 weeks through 5 years.,12,1
1479488,SUSSEX,Licensed Child Care Center,SELBYVILLE,DE,3 years through 5 years.,16,1
1480475,NEW CASTLE,Licensed Family Child Care,NEWARK,DE,6 weeks through 12 years.,6,1
1481094,NEW CASTLE,Licensed Child Care Center,NEWARK,DE,6 weeks through 5 years.,87,1
1481360,NEW CASTLE,Licensed Child Care Center,NEWARK,DE,6 weeks through 12 years.,80,1
1482799,KENT,Licensed Child Care Center,HARRINGTON,DE,3 years through 5 years.,45,1
1483397,KENT,Licensed Child Care Center,MILFORD,DE,6 weeks through 12 years.,32,1
1483614,NEW CASTLE,Licensed Child Care Center,BEAR,DE,6 weeks through 12 years.,148,1
1484540,NEW CASTLE,Licensed Family Child Care,WILMINGTON,DE,8 weeks through 6 years.,6,1
1486269,SUSSEX,Licensed Child Care Center,LAUREL,DE,3 years through 5 years.,30,1
1486581,SUSSEX,Licensed Child Care Center,MILTON,DE,3 years through 5 years.,34,1
1487222,SUSSEX,Licensed Large Family Child Care,LINCOLN,DE,8 weeks through 12 years.,11,1
1489504,NEW CASTLE,Licensed Child Care Center,CLAYMONT,DE,Kindergarten through 12 years.,43,1
1489515,KENT,Licensed Child Care Center,CLAYTON,DE,Kindergarten through 12 years.,115,1
1489517,KENT,Licensed Child Care Center,MAGNOLIA,DE,6 years through 12 years.,86,1
1490610,NEW CASTLE,Licensed Large Family Child Care,NEWARK,DE,1 year through 12 years.,12,1
1490611,NEW CASTLE,Licensed Large Family Child Care,WILMINGTON,DE,3 years through 12 years.,11,1
1491531,NEW CASTLE,Licensed Child Care Center,TOWNSEND,DE,Kindergarten through 12 years.,70,1
1491561,NEW CASTLE,Licensed Child Care Center,MIDDLETOWN,DE,4 years through 5 years.,60,1
1491564,NEW CASTLE,Licensed Child Care Center,TOWNSEND,DE,3 years through 4 years.,34,1
1493312,KENT,Licensed Child Care Center,SMYRNA,DE,6 weeks through 12 years.,49,1
1493740,KENT,Licensed Child Care Center,DOVER,DE,6 weeks through 5 years.,57,1
1494009,SUSSEX,Licensed Large Family Child Care,LINCOLN,DE,1 year through 12 years.,12,1
1494436,SUSSEX,Licensed Child Care Center,MILLSBORO,DE,Kindergarten through 12 years.,90,1
1494516,KENT,Licensed Child Care Center,MILFORD,DE,6 weeks through 5 years.,46,1
1494546,KENT,Licensed Family Child Care,SMYRNA,DE,2 years through 6 years.,6,1
1496090,KENT,Licensed Child Care Center,DOVER,DE,6 weeks through 12 years.,63,1
1497751,NEW CASTLE,Licensed Child Care Center,NEWARK,DE,6 weeks through 12 years.,173,1
1498704,SUSSEX,Licensed Child Care Center,LONG NECK,DE,3 years through 12 years.,25,1
1499152,KENT,Licensed Child Care Center,HARTLY,DE,6 weeks through 12 years.,107,1
1501631,KENT,Licensed Child Care Center,DOVER,DE,6 weeks through 12 years.,135,1
1501742,KENT,Licensed Child Care Center,FELTON,DE,6 weeks through 12 years.,126,1
1505336,SUSSEX,Licensed Child Care Center,GREENWOOD,DE,1 year through 12 years.,31,1
1505682,NEW CASTLE,Licensed Child Care Center,NEWARK,DE,6 weeks through 12 years.,113,1
1510379,SUSSEX,Licensed Child Care Center,MILFORD,DE,6 weeks through 12 years.,179,1
1510388,KENT,Licensed Child Care Center,SMYRNA,DE,6 weeks through 12 years.,144,1
1512146,NEW CASTLE,Licensed Child Care Center,BEAR,DE,6 weeks through 12 years.,135,1
1512149,NEW CASTLE,Licensed Child Care Center,BEAR,DE,6 weeks through 12 years.,160,1
1512154,NEW CASTLE,Licensed Child Care Center,BEAR,DE,6 weeks through 12 years.,110,1
